-- phpMyAdmin SQL Dump
-- version 4.0.10.10
-- http://www.phpmyadmin.net
--
-- Хост: 127.0.0.1:3306
-- Время создания: Май 15 2016 г., 22:35
-- Версия сервера: 5.5.45
-- Версия PHP: 5.5.28

SET SQL_MODE = "NO_AUTO_VALUE_ON_ZERO";
SET time_zone = "+00:00";


/*!40101 SET @OLD_CHARACTER_SET_CLIENT=@@CHARACTER_SET_CLIENT */;
/*!40101 SET @OLD_CHARACTER_SET_RESULTS=@@CHARACTER_SET_RESULTS */;
/*!40101 SET @OLD_COLLATION_CONNECTION=@@COLLATION_CONNECTION */;
/*!40101 SET NAMES utf8 */;

--
-- База данных: `msk`
--

-- --------------------------------------------------------

--
-- Структура таблицы `category_document`
--

CREATE TABLE IF NOT EXISTS `category_document` (
  `id` int(11) NOT NULL AUTO_INCREMENT,
  `name` varchar(255) COLLATE utf8_unicode_ci NOT NULL,
  PRIMARY KEY (`id`)
) ENGINE=InnoDB  DEFAULT CHARSET=utf8 COLLATE=utf8_unicode_ci AUTO_INCREMENT=5 ;

--
-- Дамп данных таблицы `category_document`
--

INSERT INTO `category_document` (`id`, `name`) VALUES
(1, 'Анализы'),
(2, 'Справки из диспансера'),
(3, 'Справки для студентов'),
(4, 'Справки для работы');

-- --------------------------------------------------------

--
-- Структура таблицы `document`
--

CREATE TABLE IF NOT EXISTS `document` (
  `id` int(11) NOT NULL AUTO_INCREMENT,
  `category_id` int(11) DEFAULT NULL,
  `name` varchar(255) COLLATE utf8_unicode_ci NOT NULL,
  `price` varchar(255) COLLATE utf8_unicode_ci NOT NULL,
  `image_src` varchar(255) COLLATE utf8_unicode_ci DEFAULT NULL,
  `header` varchar(255) COLLATE utf8_unicode_ci NOT NULL,
  `url` varchar(255) COLLATE utf8_unicode_ci NOT NULL,
  `title` varchar(255) COLLATE utf8_unicode_ci NOT NULL,
  `description` varchar(255) COLLATE utf8_unicode_ci NOT NULL,
  `keywords` varchar(255) COLLATE utf8_unicode_ci NOT NULL,
  `popular` tinyint(1) NOT NULL,
  `text` longtext COLLATE utf8_unicode_ci,
  PRIMARY KEY (`id`),
  KEY `IDX_D8698A7612469DE2` (`category_id`)
) ENGINE=InnoDB  DEFAULT CHARSET=utf8 COLLATE=utf8_unicode_ci AUTO_INCREMENT=33 ;

--
-- Дамп данных таблицы `document`
--

INSERT INTO `document` (`id`, `category_id`, `name`, `price`, `image_src`, `header`, `url`, `title`, `description`, `keywords`, `popular`, `text`) VALUES
(1, 1, 'Анализ кала / форма  219у', '900', 'bundles/main/images/spravki/analises/1-1.jpg', 'Купить анализы кала в Москве можно у нас', 'analiz-kala-forma-219-u', 'Купить анализы кала в Москве за 700р - «msk-medspravki»', 'Любые виды анализов мочи, крови, кала можно купить в нашем мед учереждении.', 'Анализы кала купить', 0, '<div align="justify"><span style="color: #00a0e3; font-size: large;"><br>\r\nНаша организация</span> содействует гражданам при оформлении результатов анализов кала. Здесь подразумеваются абсолютно любые виды анализов. Копрограмма – это химическое и микроскопическое исследование компонентов кала. На ее основании получают общую клиническую картину состояния желудочно-кишечного тракта, двенадцатиперстной кишки и злокачественных образований, то есть пищеварительной системы в целом. По результатам анализов кала можно диагностировать не только заболевания кишечника, но и действенность текущего лечения.<br>\r\nДанные исследования позволяют оценивать эффективность ферментативных функций человека. Заметим, что анализы на выявление дисбактериоза, на ранних стадиях выявляют заболевания кишечника и желудка.<br>\r\n<span style="color: #00a0e3; font-size: large;"><br>\r\nЧеловеку</span> следует делать копрограмму раз в год, чтобы контролировать здоровье организма. Но случаются ситуации, когда данный анализ требуют предъявить совершенно без уважительной причины. Если вы уверены в отсутствии у вас каких-либо серьезных заболеваний и не желаете тратить драгоценное время на хождения по инстанциям, то у нас можно быстро купить анализ кала.<br>\r\n<span style="color: #00a0e3; font-size: large;"><br>\r\nМы предлагаем оформление следующих анализов:</span>• копрограмма – общий клинический анализ<br>\r\n• анализы кала на яйца гельминтов и простейших<br>\r\n• анализы кала на скрытую кровь<br>\r\n• соскоб на энтеробиоз<br>\r\n• анализы на обнаружение панкреатической эластазы I<br>\r\n• биохимические анализы кала на микрофлору (дисбактериоз)<br>\r\n• анализы кишечных групп<br>\r\n<span style="color: #00a0e3; font-size: large;"><br>\r\nЗвоните и получайте</span> анализ кала в Москве с доставкой!Сложно спорить с утверждением, что сдавать кал на анализ — непростое и весьма неприятное занятие. Необходимо не только потратить кучу времени, чтобы попасть на прием к терапевту, который даст направление на лабораторное исследование.<p></p>\r\n<p>Потребуется отстоять очередь в регистратуру, уточнить, на какой день вам готовы предоставить талон и, что самое главное, согласовать на рабочем месте свое отсутствие. А вот с этим у большинства сотрудников могут возникнуть серьезные проблемы.</p>\r\n<p>И даже если вам удалось получить талон на утренние часы приема специалиста, то придется выдержать настоящий бой возле двери врача с постоянными посетителями этого государственного заведения. Пенсионеры предпочитают обходиться без электронной записи, ведь они приходят к терапевту с завидной регулярностью.<br>\r\nПолучив направление, следует в строго указанное время посетить лабораторию с контейнером биологического материала, а затем выждать установленное время для получения результата. И снова повторяется история с талонами и очередями. Это длительный и невероятно нервный процесс, избежать которого поможет обращение в наш медицинский центр.</p>\r\n</div>'),
(2, 1, 'Анализ крови / форма  224у', '900', 'bundles/main/images/spravki/analises/2-1.jpg', 'В нашем медицинском центре можно купить анализы крови с доставкой по Москве', 'analiz-krovi-forma-224u', 'Быстро купить анализ крови в Москве за 700р - «msk-medspravki»', 'Любые виды анализов крови можно купить в нашем мед учреждении.', 'анализ крови (общий) по форме 224', 0, '<div align="justify"><span style="color: #00a0e3; font-size: large;"><br>\r\nУ нас</span> вы без труда сможете купить анализы крови! Наш центр оперативно содействует гражданам в оформлении результатов различных анализов крови. Эти исследования позволяют быстро определить малейшие изменения в организме человека. Они являются ключевыми и самыми распространенными при любом медицинском обследовании.<br>\r\n<span style="color: #00a0e3; font-size: large;"><br>\r\nВ зависимости</span> от направленности исследований различают различные виды анализов крови. В первую очередь, они зависят от текущего состояния организма. Какой анализ делать – определяет только лечащий врач, так же, как и его периодичность. В дальнейшем на их основании назначается определенное лечение.<br>\r\nНынешнее положение дел таково, что кровь нужно сдавать не только в момент выявления заболевания. Оформление на работу, путешествия за границу, путевки в дома отдыха – везде требуется анализ крови. Разумеется, далеко каждый готов тратить время и нервы на получение какой-то злополучной бумажки, которая, в большинстве случаев, является лишь формальностью.<br>\r\n<span style="color: #00a0e3; font-size: large;"><br>\r\nМы в кратчайшие сроки</span> предоставим вам результаты любого анализа крови, с условием, что ответственность за ваше здоровье целиком лежит только на вас. Купить анализ крови вы можете для любой цели, важно, что экономятся ваши силы!<br>\r\n<span style="color: #00a0e3; font-size: large;"><br>\r\nНаш центр оформляет следующие анализы крови:</span>• общие клинические анализы крови<br>\r\n• биохимические анализы крови<br>\r\n• анализы крови RW (на сифилис)<br>\r\n• анализы крови на наличие ВИЧ-инфекции<br>\r\n• анализ крови на наличие вирусов гепатита всех видов<br>\r\n• анализы на группу крови и резус-фактор<br>\r\n• анализы крови на содержание сахара, глюкозы и т.д<br>\r\n• иммунологические анализы<br>\r\n• анализы на выявление аллергенов<br>\r\n• анализы ПЦР<br>\r\n• исследование крови на свертываемость<br>\r\n<span style="color: #00a0e3; font-size: large;"><br>\r\nЗвоните нам</span> и мы оформим абсолютно любой анализ в сжатые сроки!Чтобы правильно сдать анализ крови необходимо выполнение нескольких важных условий:* Посещение государственной поликлиники. Это серьезно испытание для нервной системы любого адекватного человека. Очереди в регистратуру, отсутствие свободных талонов при электронной записи и длительное ожидание перед кабинетом специалиста способны вывести из себя самого уравновешенного человека.<p></p>\r\n<p>* Подготовка к сдаче анализов. В большинстве случаев необходимо посещать лабораторию только натощак и обязательно в установленные утренние часы. Но отпроситься у своего руководителя чтобы опоздать на полдня — задача не из легких. И под силу далеко не всем сотрудникам.</p>\r\n<p>* Ожидание результатов. В большинстве случаев результаты оказываются готовы в течении нескольких дней, но чтобы получить заключение специалиста требуется снова попасть к нему на прием. А этот этап подразумевает поход в регистратуру, поиск талона и снова отсутствие на рабочем месте.</p>\r\n<p>Существует еще и другой способ. Для этого можно обратиться в частную клинику, где за солидную сумму вас примет квалифицированный врач и назначит те же анализы, только платно. Стоимость такой услуги непомерно высока, ведь вам придется дважды оплатить прием для получения направления и выписки заключения.</p>\r\n</div>'),
(3, 1, 'Анализ мочи / форма  210у', '900', 'bundles/main/images/spravki/analises/1-1.jpg', 'Купить анализы кала в Москве можно у нас', 'analiz-mochi-forma-210u', 'Купить анализ мочи в Москве за 700р - «msk-medspravki»', 'Любые виды анализов мочи можно купить в нашем мед учереждении.', 'Анализы мочи купить', 0, '<div align="justify"><span style="color: #00a0e3; font-size: large;"><br>\r\nНаш центр</span> помогает в оформлении результатов анализов мочи совершенно разных видов. На основании лабораторных исследований мочи существует возможность определения многочисленных заболеваний на их ранних стадиях. Это самый актуальный метод выявления отклонений в работе мочеполовой системы.<br>\r\n<span style="color: #00a0e3; font-size: large;"><br>\r\nС помощью</span> этих анализов так же контролируется развитие некоторых осложнений и действенность текущего лечения.<br>\r\nАнализ мочи назначается пациентам разных возрастных категорий. Даже если вы абсолютно уверены в своем здоровье, проходить обследование нужно ежегодно. В некоторых ситуациях надобность сдавать анализы отсутствует, но вот их результаты важно иметь на руках. В таких случаях вам на помощь придет наш медицинский центр и быстро оформит вам необходимые анализы мочи. Не думайте, что купить анализ мочи будет делом хлопотным – все абсолютно легально.<br>\r\n<span style="color: #00a0e3; font-size: large;"><br>\r\nМы оформляем следующие виды анализов мочи:</span>• общий анализ<br>\r\n• биохимические анализы<br>\r\n• анализ по Зимницкому<br>\r\n• анализ по Нечипоренко<br>\r\n• анализ на гормоны<br>\r\n• анализ на патогенную микрофлору<br>\r\n• бактериологическое исследование<br>\r\n<span style="color: #00a0e3; font-size: large;"><br>\r\nЗвоните</span>, и мы доставим анализ мочи в Москве максимально быстро!<p></p>\r\n<p>Для оформления многих медицинских справок или заключений требуется сдать анализ мочи. Основная сложность заключается в том, чтобы попасть на прием к терапевту за направлением, а затем правильно собрать мочу.</p>\r\n<p>В большинстве случаев, основной ошибкой является неправильный сбор материала для лабораторного исследования, что влечет за собой лишние хлопоты и необходимость пересдачи анализа. Человеку приходится тратить лишнее время и нервы для получения справки, которая является чистой формальностью. Мы не рассматриваем случаи, когда действительно требуется провести полное диагностическое обследование с целью выявления патологического процесса.</p>\r\n<p>Избежать временных затрат, расшатанных нервов и проблем на работе или в ВУЗе поможет наш медицинский центр. Ведь руководители и преподаватели редко относятся с пониманием к необходимости сдавать анализы в рабочее или учебное время. А в выходные дни дежурные специалисты не ведут амбулаторного приема, занимаясь лишь экстренными случаями.</p>\r\n<p>Если вы уверены, что состояние вашего организма позволяет обойтись без проведенного исследования, то наши специалисты помогут получить легальный и официально заверенный документ, удостоверяющий прохождение анализа и позволяющий без осложнений получить необходимую справку у терапевта.</p>'),
(4, 2, 'Справка  из наркологического диспансера', '1400', 'bundles/main/images/spravki/dispancer/1-1.jpg', 'Где купить справку из наркологического диспансера?', 'spravka-iz-narkologicheskogo-dispansera', 'Купить справку из наркологического диспансера за 1400р в Москве - «msk-medspravki»', 'У нас можно недорого купить справку из наркологического диспансера.', 'справка из наркологического диспансера купить', 0, '<div align="justify"><span style="color: #00a0e3; font-size: large;"><br>\r\nДля многих медкомиссий</span> (на водительские права, оружие и т.д.) от граждан требуется <strong>справка из наркологического диспансера</strong> о том, что они не состоят на учете. Можно получить этот документ самостоятельно, обратившись в наркодиспансер, но в этом случае процедура выдачи займет не менее 1-3-х часов в лучшем случае. Обычно на это уходит практически день или больше. У вас есть свободное время, можете потратить часы на ожидания?<br>\r\n<span style="color: #00a0e3; font-size: large;"><br>\r\nНет других дел, кроме как простаивание в длинных очередях?</span><br>\r\nДругой вариант — <strong>купить справку нарколога</strong> и психоневролога. Вам не нужно выстаивать длинные очереди. Как известно, в очередях без споров и ругательств не обходится — хотите ли вы потрепать себе нервы в государственном учреждении только ради того, чтобы получить бумагу формата A5 с печатью и подписью врача, который вас и в глаза то не видел? Для чего портить настроение, выкидывать целый день из собственного графика, когда можно поступить гораздо проще — просто <strong>купить справку из наркологического диспансера</strong>. Документ полностью легальный, а потому никаких проблем у вас не возникнет.<br>\r\n<span style="color: #00a0e3; font-size: large;"><br>\r\nВсё, что вам требуется</span>, это заказать справку из наркологического диспансера у нас прямо сейчас. Не теряйте время — просто позвоните!Мысль о необходимости посещения наркологического диспансера у многих людей ассоциируется с неблагополучными слоями общества, а также длительным ожиданием в весьма непрезентабельном заведении. Многим сложно избавиться от ощущения антисанитарии и брезгливости, которое неизменно связано с наркологическим диспансером.<p></p>\r\n<p>В тот же момент, получить справку, подтверждающую, что человек не состоит на учете необходимо для прохождения обучения в автошколе и при устройстве на престижную работу.<br>\r\nК тому же, нередки случаи, когда в молодости подросток по глупости связывается с плохой компанией, а затем попадает на учет к специалистам. Но спустя несколько лет размеренной и правильной жизни он желает устроиться на высокооплачиваемую работу или государственную службу. Ошибки молодости, казалось бы, уже забыты, но получить справку уже не представляется возможным.</p>\r\n<p>Наши специалисты помогут легально и в максимально сжатые сроки получить документ, свидетельствующий о том, что человек не состоит на учете. Это наиболее простое и логичное решение, к которому прибегает большинство здравомыслящих жителей Москвы.</p>\r\n</div>'),
(5, 2, 'Справка  из противотуберкулезного диспансера', '1400', 'bundles/main/images/spravki/dispancer/2-1.jpg', 'Куда и для чего требуется купить справку из тубдиспасера?', 'spravka-iz-protivotuberkuleznogo-dispansera', 'Купить справку из противотуберкулезного диспансера за 900р в Москве- «msk-medspravki»', 'Приобрести справку из противотуберкулезного диспансера в Москве можно в нашем медицинском учреждении.', 'справка из противотуберкулезного диспансера купить', 0, '<div align="justify">\r\n<p><span style="color: #000080;">1. Такая справка часто нужна при приеме на работу.</span> Особенно в учреждения, которые связаны с продуктами питания, с деятельностью по обслуживанию людей. Это могут быть рестораны, кафе, больницы, поликлиники, работники дошкольного образования. В общем, такая справка нужна всем, чья деятельность, так или иначе, связана с общением.</p>\r\n<p><span style="color: #000080;">2. Беременные женщины.</span> В перечень справок, необходимых для беременной женщины, если она хочет родить своего малыша в нормальном роддоме, в нормальных условиях, обязательна должна быть включена справка из туб.диспансера. Иначе, при отсутствии справки, роды в инфекционной больнице ей обеспечены. А там большая вероятность нахватать и женщине, и ее новорожденному всякой разной инфекции. Кстати, сегодня требуют такую справку и с будущего папы малыша.</p>\r\n<p><span style="color: #000080;">3. Справка из туб.диспансера также необходима</span> в случаях усыновления или оформления опекунства.</p>\r\n<p><span style="color: #000080;">4. Если вы хотите поменять или получить права,</span> вам придется и в ГАИ к документам приложить справку их туберкулезного диспансера.</p>\r\n<p><span style="color: #000080;">5. При получении оружия</span></p>\r\n<p><span style="color: #000080;">6. При посещении бассейна.</span></p>\r\n<p><span style="color: #00a0e3; font-size: large;"><br>\r\nМы предложили</span> вам наиболее распространенные причины, при которых необходима эта справка. Вы смело можете купить справку из туб.диспансера в Москве, наличие которой открывает большие возможности. Быстро! Дешево! Надежно!</p>\r\n<p>Получить справку из тубдиспансера можно самостоятельно. Для этого необходимо посетить соответствующее медицинское учреждение и отстояв солидную очередь в регистратуру получить вожделенный талон на прием к специалисту. Велика вероятность, что по результатам осмотра вам предложат пройти рентген или флюорографию и только после этого выдадут заключение о состоянии здоровья.</p>\r\n<p>Однако, большинство людей крайне негативно относятся к таким диспансерам. Ведь их посещают не только здоровые, стремящиеся получить справки граждане, но и пациенты, проходящие лечение. А также больные, страдающие открытой формой заболевания и вирусоносители.</p>\r\n<p>Для категории риска (беременные женщины, будущие отцы, сотрудники с ослабленным иммунитетом) посещения таких тубдиспансеров напрямую сопряжено с высокой вероятностью инфицирования. А избежать этого невероятно сложно, ведь палочка Коха необычайно устойчива ко всем дезсредствам. Этим и объясняется желание многих избежать контакта с пациентами любой ценой.</p>\r\n<p>Наш медицинский центр предлагает быстро и легально решить проблему. Полученная справка будет соответствовать самым жестким требованиям, которые предъявляют государственные медицинские учреждения или специалисты отдела персонала</p>\r\n</div>'),
(6, 2, 'Справка  из психоневрологического диспансера (ПНД)', '1400', 'bundles/main/images/spravki/dispancer/3-1.jpg', 'Где купить справку из психоневрологического диспансера в Москве?', 'spravka-iz-psixonevrologicheskogo-dispansera-pnd', 'Купить справку из психоневрологического диспансера (ПНД) за 1200р - «msk-medspravki»', 'Если вам нужна медицинская справка из психоневрологического диспансера. то самым простым методом полученая будет купить ее у нас с бесплатной доставкой.', 'медицинская справка из психоневрологического диспансера (ПНД) купить', 0, '<div align="justify"><span style="color: #00a0e3; font-size: large;"><br>\r\nПри приеме на работу</span> во многих местах требуется прохождение медкомиссии. В перечень специалистов входит и психоневролог, который дает заключение о вашей психической профессиональной пригодности. Психоневрологическая больница – очень специфическое место, которое отличается не только напряженной обстановкой, но и бесконечными очередями в регистратуре и кабинете. Особую реакцию может вызвать и само общение с этим врачом. Ну а в целом все это отнимает у нас массу ценного времени.<br>\r\n<span style="color: #00a0e3; font-size: large;"><br>\r\nПредлагаем</span> вашему вниманию альтернативу, думаем, она вас очень привлечет. Итак, минимум затраты времени, отсутствие необходимости стоять в очередях и общаться с этим «странным» доктором, а в результате – официальная справка из психоневрологического диспансера, заверенная всеми необходимыми печатями и подписью, имеющая законное действие. Правда, неплохо?!<br>\r\n<span style="color: #00a0e3; font-size: large;"><br>\r\nНе беспокойтесь ни о чем</span> – купить справку из психоневрологического диспансера можно, не нарушая закон, все легально. Если вас заинтересовало наше, на наш взгляд, очень выгодное предложение, вам прямая дорога к нам. В кратчайшие сроки, при минимальных денежных затратах справка у вас на руках. А если вы не можете приехать сами, мы доставляем нашу продукцию в пределах всей Москвы.Справка из психоневрологического диспансера необходима во многих случаях, как например для устройства на работу в престижную компанию или государственную структуру, поступления в автошколу и т.д. но ее получение неразрывно связано с раздражением и усталостью. Ведь многочисленные очереди в регистратуру, поиск требуемого кабинета в тесных коридорах и солидные очереди спешащих на работу сотрудников способны вывести из себя самого уравновешенного человека.<p></p>\r\n<p>А после того, как вы попадаете в кабинет к специалисту и он начинает задавать, мягко говоря, странные вопросы, реагировать адекватно получается далеко не у всех. И это на фоне осознания того, что неправильный ответ способен с легкостью превратить вас из человека, пришедшего за обыкновенной справкой в постоянного пациента данного заведения….</p>\r\n<p>Если прибавить к этому количество потраченного времени, то перспектива получается весьма удручающей. Именно поэтому большинство стремится под любым предлогом избежать посещения психоневрологического диспансеры. Наш медицинский центр готов избавить вас от этой неприятности. Достаточно обратиться к нашим специалистам и в максимально сжатые сроки получить легальную справку, подтверждающие ваше психическое здоровье.</p>\r\n</div>'),
(7, 2, 'Справка  из кожно-венерологического диспансера', '1400', 'bundles/main/images/spravki/dispancer/4-1.jpg', 'Недорого купить справку из кожно-венерологического диспансера', 'spravka-iz-kozhno-venerologicheskogo-dispansera', 'Недорого купить справку из кожно-венерологического диспансера за 900р.', 'У нас можно купить справку из кожно-венерологического диспансера в кротчайшие сроки в Москве.', 'купить справку из из кожно-венерологического диспансера', 0, '<div align="justify"><span style="color: #00a0e3; font-size: large;"><br>\r\nСправки</span> из кожно-венерологического диспансера принято выдавать человеку на основании проведенных медицинских исследований после забора анализа крови. Она несет информацию о том, что пациент не является носителем ВИЧ-инфекции или вируса гепатита. Также в ней указывается, состоит ли человек на учете в данном учреждении.<br>\r\nНаправление в диспансер выдает местный участковый врач. В регистратуре КВД нужно получить лист сдачи анализов, по результатам которых и будет выдаваться справка. С готовыми анализами нужно пойти на прием к врачу-венерологу и потребовать у него бланк справки.<br>\r\n<span style="color: #00a0e3; font-size: large;"><br>\r\nСогласитесь</span>, что данная процедура получения справки из КВД обещает затянуться надолго? Страшно подумать, сколько сил и времени займет весь этот процесс! А если еще на минуту представить эти огромные очереди, недовольство персонала, постоянную нехватку различных реактивов, то придется запастись еще нервами и не дюжим терпением. Плюс ко всему, гарантию на то, что вы абсолютно «здоровы» никто не даст!<br>\r\n<span style="color: #00a0e3; font-size: large;"><br>\r\nИтак</span>, сопоставив все факты вместе, получаем не очень веселую картину: потратив время, силы и нервы на получения обычной справки из КВД, вы рискуете стать носителем неприятной болезни наряду с испорченным настроением.<span style="color: #00a0e3; font-size: large;"><br>\r\n</span><br>\r\n<span style="color: #00a0e3; font-size: large;">Справка из КВД требуется в следующих случаях:</span><br>\r\n• при оформлении на работу везде, где требуется наличие санитарной книжки<br>\r\n• при прохождении ежегодного медицинского осмотра<br>\r\n• беременным женщинам (при отсутствии справки из КВД, рожениц оформляют в инфекционное родильное отделение, что чревато получением различных инфекций не только для мам, но и для младенцев)<br>\r\n• для получения абонементов в бассейн и прочих других спортивных клубов<span style="color: #00a0e3; font-size: large;">Следовательно</span>, купить справку из КВД в Москве – самый безопасный, быстрый и надежный способ! Звоните нам и мы оформим абсолютно любой анализ в сжатые сроки!<p></p>\r\n<p>Посещение кожно-венерологического диспансера сложно назвать приятным занятием. Даже в том случае, если обращаться туда приходиться лишь за справкой о том, что вы не состоите на учете в данном медицинском учреждении. Следует понимать, что просто так, в регистратуре вам ее никто не выдаст.</p>\r\n<p>Потребуется посетить специалиста, который даст направление на прохождение обследования. Несмотря на то, что это весьма распространенные анализы, ожидание их результатов всегда сопряжено с нервозностью и беспокойством. Тем более, что в случае положительной реакции постановка на учет произойдет автоматически.</p>\r\n<p>А если пациент уверен, что полностью здоров, от поход в кожно-венерологический диспансер способен превратиться в настоящую пытку. Ведь именно там велик риск подхватить какую-нибудь инфекцию, лечиться от которой придется в стенах этого заведения.</p>\r\n<p>Да, сотрудники обрабатывают помещение дезрастворами, проводят кварцевание… Но ослабленный иммунитет часто способен сыграть с нами злую шутку. И чем дальше мы будем находиться от источника заражения, тем лучше. Именно на этом основано наше предложение приобрести легальную справку о состоянии вашего здоровья, заверенную печатями практикующих врачей.</p>\r\n</div>'),
(8, 3, 'Академический отпуск: / формы 095У + 027/У', '3500', 'bundles/main/images/spravki/stydent/1-1.jpg', 'Где купить справку для академического отпуска в Москве?', 'akademicheskij-otpusk-formy-095u-027u', 'Купить справку для академического отпуска за 2250р в Москве - «msk-medspravki»', 'Мы вам поможет подобрать комплект справок для оформления академического отпуска.', 'справка для академического отпуска купить', 1, '<div align="justify"><span style="color: #00a0e3; font-size: large;"><br>\r\nВ жизни студентов</span> зачастую возникают ситуации, когда просто необходимо выкроить какое-либо время для устранения личных проблем и неприятностей. Кому-то нужно выйти на работу, отдохнуть или устроить семейную личную жизнь. Также время нужно для написания дипломных и магистерских работ. В данном случае идеальным вариантом будет академический отпуск.<br>\r\n<span style="color: #00a0e3; font-size: large;"><br>\r\nЧтобы взять</span> индивидуальную справку для академического отпуска, нужны достаточно веские и серьезные причины, ведь просто так данный документ обрести достаточно сложно. Оформить документ подобного типа достаточно сложно простому студенту, не имеющему никаких связей с правительством учебного заведения и лечащих врачей. Для таких людей мы предлагаем свою помощь.<br>\r\n<span style="color: #00a0e3; font-size: large;"><br>\r\nНаши</span> квалифицированные сотрудники оформят вам справку для академического отпуска в кротчайшие сроки и за совсем небольшую сумму денег. К тому же мы доставим вам этот документ по указанному адресу или на ближайшую станцию метро. Таким образом, вы существенно сэкономите личное время и деньги. Все еще сомневаетесь, купить справку для академического отпуска или бегать по врачам?<br>\r\n<span style="color: #00a0e3; font-size: large;"><br>\r\nПолученная вами справка</span> для академического отпуска будет полностью легальной и соответствующей всем правилам и нормам оформления медицинской документации. В Москве мы быстро ее доставим, куда нужно.<p></p>\r\n<p>Обучение в ВУЗе приходится на начальный период взрослой жизни человека. Он впервые сталкивается с огромным количеством сложных жизненных ситуаций, каждая из которых грозит стать причиной отчисления или требует солидного промежутка времени для ее решения. </p>\r\n<p>Но преподаватели часто не готовы дать второй шанс провинившемуся студенту. К тому же, многие создают семьи уже на первом-втором курсе и спустя пару лет возникает необходимость брать подработку. Решить проблему нехватки времени и определиться в дальнейших планах на жизнь поможет своевременно оформленный академический отпуск.</p>\r\n<p>Правда, для этого потребуется веское основание. А наиболее простым поводом для оформления документов станет заключение специалистов, свидетельствующее о необходимости проведения соответствующего лечения на протяжении длительного периода времени. Существует три варианта действий для получения данного заключения. </p>\r\n<p>Пойти в государственное учреждение и пройти полное обследование при наличии хронических или острых заболеваний. Либо посетить частную клинику, где за солидную сумму студенту предоставят соответствующий документ. Либо же обратиться в наш медицинский центр и в кратчайшие сроки устранить имеющуюся проблему.\r\n</p></div>');
INSERT INTO `document` (`id`, `category_id`, `name`, `price`, `image_src`, `header`, `url`, `title`, `description`, `keywords`, `popular`, `text`) VALUES
(9, 3, 'Освобождение от физкультуры', '900', 'bundles/main/images/spravki/stydent/2-1.jpg', 'Где быстро и недорого купить справку-освобождение от физкультуры в Москве?', 'osvobozhdenie-ot-fizkultury', 'Купить справку для освобождения от физкультуры за 700р в Москве - «msk-medspravki»', 'Закажите справку для освобождения от физкультуры у нас, перестаните посещать утомительные занятия и плюс к этому сэкономите массу времени.', 'справка для освобождения от физкультуры купить', 0, '<div align="justify"><span style="color: #00a0e3; font-size: large;"><br>\r\nКаждый</span> в своей жизни приоритеты расставляет сам. Одни решат, что спорт – это их предназначение и как только в графике появляется свободная минутка, сломя голову, будут бежать в тренажерный зал, другие, напротив, посчитают, что спорт – это бесполезная трата времени, и всевозможными способами будут стараться избежать занятия им.<br>\r\n<span style="color: #00a0e3; font-size: large;"><br>\r\nК сожалению</span>, в старших классах школы и в высших учебных заведениях, занятия по физической культуре чаще всего малосодержательны. Почему? Предлагаемые нагрузки вряд ли помогут поддерживать тело в хорошей форме, и получается так, что это просто трата вашего драгоценного времени, которое, кстати, вы могли бы провести за занятием, скажем, в спортзале или за работой. Далеко не секрет, что многие студенты стараются подрабатывать, совмещая работу с учебой. Появилось лишнее свободное время?! Вполне возможно, именно в это время вы сможете заработать дополнительные денежные средства.<br>\r\n<span style="color: #00a0e3; font-size: large;"><br>\r\nВ наших силах</span> вам помочь. Мы поможем купить справку-освобождение от физкультуры, абсолютно за любой срок и при минимальных затратах. И, что особенно приятно, доставим в любое место в Москве.<p></p>\r\n<p>Освобождение от занятий физкультурой возможно только при наличии справки от специалистов. Но получить эту справку традиционным путем весьма непросто. Во-первых, у человека должно присутствовать хроническое или же острое заболевание, препятствующее физическим нагрузкам. У лиц, страдающих от реального существующего патологического процесса, такие документы присутствуют в полном объеме.</p>\r\n<p>Но если студент или подросток стремится избежать занятий физической культурой, то в этом случае потребуется помощь практикующих врачей. Большинство подростков, всерьез увлекающихся музыкой и игрой на музыкальных инструментах крайне негативно относятся к командным играм, поскольку в результате можно повредить руки. </p>\r\n<p>Получить освобождение от занятий физической культурой можно совершенно легально, при этом на документе будут стоять печати практикующих врачей, а указанное заболевание позволит без всяких ограничений посещать бассейн или заниматься в секции йоги. Благодаря грамотно поставленному диагнозу подросток не будет полностью ограничен в физических нагрузках, но полученной справки будет достаточно для  освобождения от прохождения школьного или институтского курса дисциплины.\r\n</p></div>'),
(10, 3, 'Справка для поступления в ВУЗ и приема на работу / форма 086У', '1000', 'bundles/main/images/spravki/stydent/3-1.jpg', 'Где недорого купить справку 086 в Москве- экономьте время вместе с нами', 'spravka-dlya-postupleniya-v-vuz-i-priema-na-rabotu-forma-086u', 'Недорого купить справку 086 в Москве за 700р | Справка для приема на работу - «msk-medspravki»', 'Справка формы 086 для приема на работу или поступления в ВУЗ. Вы можете купить ее не проходя утомительную мед комиссию.', 'купить справку для приема на работу, купить справку 086 недорого', 0, '<div align="justify"><span style="color: #00a0e3; font-size: large;"><br>\r\nВам</span> требуется <strong>купить справку по форме 086</strong>? Необходимо пройти комиссию и получить этот документ для поступления в учебное заведение? Или эта справка необходима вам для работы на определенной должности? Мы готовы вам помочь!<br>\r\n<span style="color: #00a0e3; font-size: large;"><br>\r\nЭкономьте время</span><br>\r\nПрохождение медицинской комиссии для <strong>получения справки 086</strong> может занять целый день или даже больше. Готовы ли вы потратить столько времени, есть ли в вашем графике возможность отлучиться на 5-7-9 часов? С нами вам не потребуется прохождение комиссии у врачей государственных инстанций. Вы сможете очень быстро получить требуемый документ. Всего лишь нужно позвонить нам, уточнить место учебы или организации, для которой предоставляется <strong>справка по форме 086</strong> и всё! Остальное мы сделаем сами. Готовый документ вам доставят в любое удобное место — на дом, работу, ресторан, больницу и т.д.<br>\r\n<span style="color: #00a0e3; font-size: large;"><br>\r\nВсё официально</span><br>\r\nМы гарантируем, что предоставляемая справка полностью легальна. Единственное отличие — вы не тратите целый день на прохождение комиссий. В остальном получение документа ничем не отличается от стандартной процедуры. Так что вы выбираете — стоять в очереди целый день, трепать себе нервы или <strong>оформить справку 086/у</strong> за пару минут? Звоните — мы готовы помочь вам с любыми вопросами!Решая поступить в высшее учебное заведение или устроиться на престижную работу, многие соискатели и абитуриенты сталкиваются с необходимостью получения справки 086-У. В ней отражено состояние здоровья человека и указана его профессиональная пригодность для обучения или работы по желаемой специальности.<p></p>\r\n<p>Результатом обращения к терапевту в государственной поликлинике становится пугающий перечень лабораторных анализов и специалистов, которые необходимо пройти в кратчайшие сроки. Ведь большинство из нас откладывают получение справок на последний момент, забывая о том, что именно по такой схеме живут все россияне.</p>\r\n<p>И нередки ситуации, когда на прохождение врачей, сдачу анализов и получение результата просто не остается времени. Также следует отметить, что данный документ подразумевает и наличие сведений о выполненных прививках и имеющихся хронических заболеваниях.</p>\r\n<p>Собрать воедино такую информацию в сжатые сроки невероятно сложно. А если добавить к этому необходимость посещать работу или готовиться к сдаче вступительных экзаменов, то эта перспектива способная заставить опустить руки даже прирожденных оптимистов. В этом случае идеальным решением станет обращение в наш медицинский центр.</p>'),
(11, 4, 'Справка для поступления в ВУЗ и приема на работу / форма 086У', '1000', 'bundles/main/images/spravki/work/1-1.jpg', 'Где недорого купить справку 086 в Москве- экономьте время вместе с нами', 'spravka-dlya-postupleniya-v-vuz-i-priema-na-rabotu-forma-086u', 'Недорого купить справку 086 в Москве за 700р | Справка для приема на работу - «msk-medspravki»', 'Справка формы 086 для приема на работу или поступления в ВУЗ. Вы можете купить ее не проходя утомительную мед комиссию.', 'купить справку для приема на работу, купить справку 086 недорого', 0, '<div align="justify"><span style="color: #00a0e3; font-size: large;"><br>\r\nВам</span> требуется <strong>купить справку по форме 086</strong>? Необходимо пройти комиссию и получить этот документ для поступления в учебное заведение? Или эта справка необходима вам для работы на определенной должности? Мы готовы вам помочь!<br>\r\n<span style="color: #00a0e3; font-size: large;"><br>\r\nЭкономьте время</span><br>\r\nПрохождение медицинской комиссии для <strong>получения справки 086</strong> может занять целый день или даже больше. Готовы ли вы потратить столько времени, есть ли в вашем графике возможность отлучиться на 5-7-9 часов? С нами вам не потребуется прохождение комиссии у врачей государственных инстанций. Вы сможете очень быстро получить требуемый документ. Всего лишь нужно позвонить нам, уточнить место учебы или организации, для которой предоставляется <strong>справка по форме 086</strong> и всё! Остальное мы сделаем сами. Готовый документ вам доставят в любое удобное место — на дом, работу, ресторан, больницу и т.д.<br>\r\n<span style="color: #00a0e3; font-size: large;"><br>\r\nВсё официально</span><br>\r\nМы гарантируем, что предоставляемая справка полностью легальна. Единственное отличие — вы не тратите целый день на прохождение комиссий. В остальном получение документа ничем не отличается от стандартной процедуры. Так что вы выбираете — стоять в очереди целый день, трепать себе нервы или <strong>оформить справку 086/у</strong> за пару минут? Звоните — мы готовы помочь вам с любыми вопросами!Решая поступить в высшее учебное заведение или устроиться на престижную работу, многие соискатели и абитуриенты сталкиваются с необходимостью получения справки 086-У. В ней отражено состояние здоровья человека и указана его профессиональная пригодность для обучения или работы по желаемой специальности.<p></p>\r\n<p>Результатом обращения к терапевту в государственной поликлинике становится пугающий перечень лабораторных анализов и специалистов, которые необходимо пройти в кратчайшие сроки. Ведь большинство из нас откладывают получение справок на последний момент, забывая о том, что именно по такой схеме живут все россияне.</p>\r\n<p>И нередки ситуации, когда на прохождение врачей, сдачу анализов и получение результата просто не остается времени. Также следует отметить, что данный документ подразумевает и наличие сведений о выполненных прививках и имеющихся хронических заболеваниях.</p>\r\n<p>Собрать воедино такую информацию в сжатые сроки невероятно сложно. А если добавить к этому необходимость посещать работу или готовиться к сдаче вступительных экзаменов, то эта перспектива способная заставить опустить руки даже прирожденных оптимистов. В этом случае идеальным решением станет обращение в наш медицинский центр.</p>\r\n</div>'),
(12, 4, 'Больничный лист', '1800', 'bundles/main/images/spravki/work/2-1.jpg', 'Купить больничный лист задним числом недорого – доступная услуга от Мед Центра «Msk-Medspravki»', 'bolnichnye-listy', 'Купить официальный больничный лист от 1400р задним числом в Москве - "MSK-medspravki"', 'На нашем сайте можно купить официальный больничный лист (справка о болезни) с подтверждением в Москве.', 'купить официальный больничный лист, купить справку о болезни недорого, купить больничный лист задним числом, бланк больничного листа купить', 1, '<div align="justify"><span style="color: #00a0e3; font-size: large;"><br>\r\nЕсли в конце рабочего дня</span> постоянно появляется раздражительность или депрессия, если хочется вырваться от рутины дел и забот и отправиться наконец-то к морю или в горы, если ежедневные обязанности на производстве вызывают сплошное раздражение, то пришло время передохнуть. Но начальство не дает отпуск? Ваше переутомление, раздражительность, плохое самочувствие, бессонница никого не волнуют?<br>\r\n<span style="color: #00a0e3; font-size: large;"><br>\r\nПришло время</span> обратиться в Мед Центр «Msk-Medspravki», где вам выдадут больничный на тот срок, пока вы будете отдыхать. При этом <strong>больничный лист</strong> будет официальный. С печатями и подписями практикующих врачей, которые готовы помочь вам в решении вопроса высвобождения свободного времени.<br>\r\n<span style="color: #00a0e3; font-size: large;"><br>\r\nМы предлагаем</span> больничные листы по доступным ценам в Москве каждому, кто не хочет болеть. Также мы готовы помочь тем, кто чувствует недомогание, но не может или не хочет ехать в поликлинику. Мы готовы сберечь ваше время, предлагая <strong>купить официальный больничный лист задним числом</strong>, заказав его прямо на сайте. И нет необходимости проходить обследование в больнице в то время, когда вы себя плохо чувствуете, когда у вас поднялась температура или появились первые симптомы ангины или гриппа.<br>\r\n<span style="color: #00a0e3; font-size: large;"><br>\r\nКупить больничный лист вам потребуется:</span></div>'),
(13, 4, 'Медицинская книжка', '2000', 'bundles/main/images/spravki/work/3-1.jpg', 'Где купить медицинскую книжку в Москве за один день?', 'medicinskaya-knizhka', 'Недорого купить медкнижку за 1 день в Москве 2000р - «msk-medspravki»', 'На этой странице можно купить официальную медецинскую книжку без медосмотра. Бвстрое оформление и доставка.', 'купить медицинскую книжку в москве, медицинские книжки официальные без осмотра, образец медицинской книжки', 0, '<div align="justify"><span style="color: #00a0e3; font-size: large;"><br>\r\nСанитарная или медицинская книжки</span> необходимы для устройства на работу, а также последующего подтверждения своего состояния здоровья в ряде областей. Без этого документа руководство ряда предприятий и учреждений не имеет права допустить к работе, а в случае нарушения данного положения санстанция взыщит с руководства штраф. Так что без данного документа вы к работе допущены не будете. Придется проходить комиссию из нескольких врачей. Но как быть, если времени на посещение медучреждений просто нет или медицинская книжка нужна незамедлительно?<br>\r\n<span style="color: #00a0e3; font-size: large;"><br>\r\nМед Центр «Msk-Medspravki»</span> предлагает вам <strong>купить медицинскую книжку в Москве</strong> по образцу 2014 года в день обращения. Все медицинские документы мы оформляем абсолютно легально, с гарантией подлинности всех печатей и подписей. Так что если вы не хотите тратить время, то купить медицинскую книжку можете у нас.<br>\r\n<span style="color: #00a0e3; font-size: large;"><br>\r\nМедицинская книжка потребуется работникам сфер:</span><p></p>\r\n<p>• Здравоохранения и медицины.<br>\r\n• Педагогики и воспитания.<br>\r\n• Общественного питания и кулинарии.<br>\r\n• Торговли и логистики.<br>\r\n<span style="color: #00a0e3; font-size: large;"><br>\r\nКонечно же</span>, вы можете <strong>оформить медицинскую книжку</strong> и самостоятельно. Но в этом случае вам нужно будет сначала найти саму медицинскую книжку под заполнение, а затем пройти всех врачей. Это не так быстро и не так просто, как кажется. И если вы уже сталкивались с оформлением медицинской книжки, то знаете, насколько это длительный процесс. Мы же оформим данный медицинский документ за один день и привезем его вам по указанному адресу.<br>\r\n<span style="color: #00a0e3; font-size: large;"><br>\r\nОстается только перезвонить</span> и <strong>медицинская книжка</strong> будет оформлена на ваше имя.</p>\r\n</div>'),
(14, 4, 'Медицинская справка в ГАИ', '2000', 'bundles/main/images/spravki/work/4-1.jpg', 'Где купить мед справку в ГАИ? Документы нового образца 2015 года', 'medicinskaya-spravka-v-gai', 'Купить справку в гаи за 2000р в Москве | Водительские медицинские справки 2015 - «msk-medspravki»', 'Если Вас интересует покупка водительских медецинских справок или мед документов в ГАИ, то вы зашли по адресу.', 'купить справку в гаи нового образца, водительские медицинские справки', 1, '<div align="justify"><span style="color: #005951; font-size: large;"><br>\r\nПолучение</span> водительского удостоверения, переоформление документов на машину, восстановление прав после лишения в органах ГИБДД, а часто и уплата штрафов за нарушения во время вождения требует о<strong>формления медицинской справки для ГАИ</strong>. Те, кто уже сталкивался с данной процедурой, знают, что пройти нужно 5 врачей для мужчин и 6 для женщин. При этом у кабинета каждого врача нужно выстоять очередь. На это может уйти не один день. А что делать, если времени просто нет? Как быть в ситуации, когда <strong>справка для ГАИ</strong> нужна срочно?<br>\r\n<span style="color: #005951; font-size: large;"><br>\r\nМед Центр</span> «Msk-Medspravki» предлагает <strong>купить справки для ГАИ за один день</strong>. За свои услуги мы берем недорого. Причем <strong>стоимость справки для ГАИ</strong> включает нашу работу по ее оформлению в официальных медицинских клиниках, а также доставку курьером до указанного вами адреса. Фактически вы платите за свой комфорт и уверенность, что быстро сможете оформить водительское удостоверение или оплатить штраф.<br>\r\n<span style="color: #005951; font-size: large;"><br>\r\nМы гарантируем</span>, что справка будет оформлена на <strong>официальном бланке образца 2015 года</strong>. При этом на нем будут стоять все необходимые печати и подписи практикующих врачей. Всё абсолютно легально и законно.<br>\r\n<span style="color: #005951; font-size: large;"><br>\r\nМы заботимся</span> о наших клиентах, стремясь сэкономить их время. Проверить это вы можете прямо сейчас, <strong>купив медицинскую справку для ГАИ в Москве</strong>, перезвонив нам по телефону&nbsp;+7 495&nbsp;<span style="color: #000000;">969 48 92</span>.<p></p>\r\n<p>Большинство водителей вспоминают о необходимости замены прав только после очередного общения с сотрудниками ДПС или случайно, сидя с друзьями поздним вечером. И времени на подготовку всех необходимых документов просто катастрофически не остается.</p>\r\n<p>И если добраться в ГАИ можно на такси или воспользовавшись помощью приятеля, то существует и более серьезная проблема. Это получение медицинской справки. Несмотря на то, что в ней должны оставить свое заключение всего 5-6 специалистов, на прохождение всех врачей придется потратить не один день. </p>\r\n<p>И это при условии, что результаты проведенного обследования позволяет водителю получить новое удостоверение. А если в момент осмотра будет выявлены проблемы со здоровьем, то порой можно и попрощаться с возможностью управлять автомобилем. </p>\r\n<p>Оптимальным выходом из сложившейся ситуации станет обращение в наш медицинский центр. На приобретенной справке для предоставления в ГАИ будут стоять печати практикующих врачей, а их заключение по результатам проведенного обследования заказчика позволит ему без труда продлить срок действия водительского удостоверения.\r\n</p></div>'),
(15, 4, 'Медицинская справка на оружие: / форма 046-1', '2400', 'bundles/main/images/spravki/work/5-1.jpg', 'Купить справку на оружие 046-1 в Москве — быстро и легально', 'medicinskaya-spravka-na-oruzhie-forma-046-1', 'Купить справку на оружие 046-1 за 2400р. в Москве - «msk-medspravki»', 'Поможем в оформлении медицинской справки на оружие формы 046-1 в Москве. Прозрачность и скорость работы Вас обрадует.', 'Купить медицинскую справку на оружие в Москве, оформление справки на оружие, справка формы 046-1', 0, '<div align="justify"><span style="color: #00a0e3; font-size: large;"><br>\r\nПриобрести</span> огнестрельное оружие сейчас может практически каждый желающий, если у него имеется соответствующая <strong>справка по форме 046-1</strong>. А вот получить этот документ удается далеко не всем. Как быть в этом случае? Проблема решается довольно просто — позвольте нам заняться этим вопросом, <strong>купить справку на оружие</strong> проще чем Вы думали!<br>\r\n<span style="color: #00a0e3; font-size: large;"><br>\r\nКому не дают справку<br>\r\n</span><br>\r\nОтметим, что <strong>справку на ношение оружие</strong> не выдают лицам:<br>\r\n• С психическими расстройствами (людям, стоящим на учете в психдиспансере).<br>\r\n• С алкогольной, наркотической зависимостью, токсикоманам.<br>\r\n• Страдающим эпилепсией.<br>\r\n<span style="color: #00a0e3; font-size: large;"><br>\r\nПлохое</span> зрение может также являться причиной отказа в выдаче официального документа. Обратите внимание, что мы готовы оформить справку в случае, если вы имеете полное право на ношение холодного, охотничьего и огнестрельного оружия. Теперь приобрести сайгу или мачете для охоты и туризма не составит труда — ни один сотрудник правоохранительных органов не сможет «докопаться» до вас.<br>\r\n<span style="color: #00a0e3; font-size: large;"><br>\r\nМедкомиссия для получения справки</span><br>\r\nДля получения легальной справки потребуется пройти обследование у психиатра, нарколога, офтальмолога, терапевта. После того, как комиссия будет пройдена, вам выдадут необходимый документ. Но заметьте — прохождение этой процедуры в государственных медицинских учреждениях займет довольно много времени. Да и очереди у кабинетов — это очередная нервотрепка. Вам это надо?<br>\r\n<span style="color: #00a0e3; font-size: large;"><br>\r\nНаши услуги<br>\r\n</span><br>\r\nС нами вы сможете пройти медкомиссию менее чем за 1 час. После этого вы <strong>получаете справку по форме 046-1</strong>. От вас потребуются лишь следующие документы: паспорт, военный билет (для мужчин), лицензия на оружие (если имеется).<br>\r\n<span style="color: #00a0e3; font-size: large;"><br>\r\nВы экономите</span> время, получаете официальный документ в соответствие с законодательством РФ, не переплачиваете за оформление справки в сторонних организациях (проходите медкомиссию у профильных врачей на месте). Осталось только позвонить нам!Идея приобрести огнестрельное или же травматическое оружие нередко посещает жителей крупных городов. Охотничье ружье — это уникальная возможность отдохнуть на природе от суеты мегаполиса, сосредоточиться и отдаться древним инстинктам добытчика. А травматический пистолет вполне способен защитить от хулиганов или просто спугнуть хулиганов.<p></p>\r\n<p>Но на приобретение такой дорогостоящей «игрушки» потребуется не только солидная сумма, но и разрешение. А получить его удается при наличии медицинской справки, подтверждающей психическое здоровье человека, отсутствие наркотической зависимости и серьезных проблем со здоровьем.</p>\r\n<p>На первый взгляд, такой документ выдается сравнительно легко после прохождения осмотра у нескольких специалистов. Но на деле все обстоит совершенно не так. Многочасовые очереди способны вывести из себя самого уравновешенного человека и заставить усомниться в его адекватности сотрудника психиатрического диспансера.</p>\r\n<p>Мы предлагаем быстро и легально пройти медицинскую комиссию, чтобы получить необходимый документ для оформления разрешения на ношение оружия.</p>\r\n</div>'),
(16, 4, 'Заключение клинико-экспертной комиссии (КЭК)', '1500', 'bundles/main/images/spravki/work/6-1.jpg', 'Где купить заключение клинико-экспертной комиссии в Москве?', 'zaklyuchenie-kliniko-ekspertnoj-komissii-kek', 'Купить заключение клинико-экспертной комиссии (КЭК) за 1500р - «msk-medspravki»', 'На нашем сайте вы сможете купить заключение клинико-экспертной комиссии с доставкой по Москве.', 'купить заключение клинико-экспертной комиссии (КЭК) в Москве', 0, '<div align="justify"><span style="color: #00a0e3; font-size: large;"><br>\r\nЕсли вам нужно</span> получить освобождение от занятий физкультурой, длительный больничный лист, академический отпуск, допуск к ряду работ в определенных условиях, то потребуется <strong>купить заключение клинико-экспертной комиссии</strong>. Получить данное заключение в Москве вы можете у нас с полным официальным оформлением документа.<br>\r\n<span style="color: #00a0e3; font-size: large;"><br>\r\nВ отличие от</span> <strong>прохождения клинико-экспертной комиссии</strong> в условиях медицинского центра по месту вашего проживания, что заберет несколько дней, у нас данную справку вы можете получить в день обращения. Причем вам вовсе не придется никуда ехать – курьер доставит <strong> КЭК</strong> по указанному вами адресу.<br>\r\nДокумент будет заполнен по всем правилам и требованиям к данному виду справок. В нем будут все официальные печати и подписи практикующих медицинских работников. Это позволит реализовать свои планы без лишних проблем.<br>\r\n<span style="color: #00a0e3; font-size: large;"><br>\r\nМы гарантируем, что<strong> заключение КЭК</strong> будет:</span>• Составлено и доставлено за один день. То позволит получить нужный документ в тот день, когда он вам требуется.<br>\r\n• Соответствовать стандартам к данному виду справок. Все медицинские документы абсолютно легальны.<br>\r\n• Напечатано на официальном бланке (по форме). У нас есть нужные бланки и мы сотрудничаем с практикующими врачами.<br>\r\n<span style="color: #00a0e3; font-size: large;"><br>\r\nПри этом</span> <strong>цена заключения КЭК</strong> доступна нашим клиентам, которые хотят сэкономить своё время на простаивании в очередях клиник и прохождении бюрократической системы заполнения документов у большого количества врачей.Проблемы с учебой в высшем учебном заведении возникают у большинства студентов в разный период времени. Неудавшаяся личная жизнь, сложности с преподавателем или плохая компания часто могут стать причиной угрозы отчисления. Избежать этого удается только уйдя в академический отпуск или же открыв длительный больничный лист.Но для этого нужна уважительная причина в виде заключения комиссии врачей. Получить ее в государственном медицинском учреждении часто не представляется возможным. А время играет против незадачливого студента.<p></p>\r\n<p>Аналогичная ситуация может сложиться и у высококлассного специалиста, который в силу определенных заболеваний не может выполнять свою работу. Кажется, что единственным выходом станет увольнение и поиск более низкооплачиваемой и менее престижной должности. Но ведь существует и другое решение. Получив справку, свидетельствующую о возможности продолжения рабочей деятельности, человек не только остается на прежней должности, но и успевает подготовить квалифицированные кадры на свое место.</p>\r\n<p>Идеальным и наиболее простым выходом станет приобретение легальной справки в нашем медицинском центре.</p>\r\n</div>'),
(17, 4, 'Справка на госслужбу форма 001Гcу', '1300', 'bundles/main/images/spravki/work/7-1.jpg', 'Вам нужно купить медицинскую справку 001 для госслужбы?', 'spravka-na-gossluzhbu-forma-001gcu', 'Купить справку для госслужбы форма 001гсу за 1300р в Москве - «msk-medspravki»', 'Если вам нужна медицинская справка формы 001ГСУ, то самым простым решением будет ее купить у нас. Так вы сэкономите нервы и время.', 'справка для госслужбы форма 001гсу купить', 0, '<div align="justify"><span style="color: #00a0e3; font-size: large;"><br>\r\nМедицинская справка</span> формы №001 гс/у требуется при поступлении на гражданскую или муниципальную госслужбу. Для ее оформления требуется только заключение психиатра и нарколога. Эта справка выдается при отсутствии у пациента психических расстройств и наркотической зависимости, для оформления подтверждения которых необходимо сделать анализ мочи и крови.<p></p>\r\n<p><span style="color: #00a0e3; font-size: large;"><br>\r\nНесмотря на</span> явную простоту и легкость, большое количество людей сталкивается с трудностями при оформлении справки 001 гс/у в Москве, основной из которых является элементарная нехватка свободного времени для посещений врачей. Ведь вначале нужно сходить на прием к терапевту, который выпишет направления к психиатру и наркологу, а затем уже идти к этим специалистам.</p>\r\n<p><span style="color: #00a0e3; font-size: large;">Как правило</span>, графики врачей редко пересекаются, да и анализы делаются несколько дней, поэтому на получение этой справки придется потратить около недели своего времени еще и кучу нервов в придачу, связанными с беготней и ожиданиями в бесконечных очередях.</p>\r\n<p><span style="color: #00a0e3; font-size: large;">Естественно</span>, такой способ получения справки придется по душе далеко не всем, и многие попытаются найти более легкий. И он существует.</p>\r\n<p><span style="color: #00a0e3; font-size: large;"> Вы можете</span> обратиться к нам и <strong>купить справку формы №001 гс/у</strong>, сэкономив при этом кучу времени и усилий. Полученный документ абсолютно легальный и ничем не отличается от выданного в поликлинике, кроме как удобством и скоростью оформления.</p>\r\n<p>Получить справку для устройства на работу в государственное или муниципальное учреждение не представляет никакой сложности для людей, с безупречным прошлым. Но что делать тем, кто в молодости попал в неудачную компанию и в результате был поставлен на учет в наркологический диспансер?</p>\r\n<p>Или пережил тяжелый период жизни связанный с гибелью близкого человека, сильным душевным потрясением и проходил лечение у специалиста? Данные о таких курсах реабилитации надолго остаются в картотеке психиатра или нарколога. И спустя много лет способны стать камнем преткновения на пути к удачной карьере или просто работе в престижной организации.</p>\r\n<p>И это несмотря на то, что человек уже давно «завязал» с прежними привычками и ведет безукоризненный социально- правильный образ жизни. Идеальным решением в такой ситуации станет обращение в наш медицинский центр. Неоспоримым преимуществом станет полная легальность полученного документа и возможность предоставления его в отдел персонала как государственных, так и муниципальных учреждений.</p></div>');
INSERT INTO `document` (`id`, `category_id`, `name`, `price`, `image_src`, `header`, `url`, `title`, `description`, `keywords`, `popular`, `text`) VALUES
(18, 4, 'Справка о беременности', '1200', 'bundles/main/images/spravki/work/8-1.jpg', 'Где недорого купить справку о беременности в Москве?', 'spravka-o-beremennosti', 'Недорого купить справку о беременности для загса за 1200р - «msk-medspravki»', 'В нашей медклинеке вы можете купить официальную справку о беременности для загса.', 'справка о беременности для закса купить в Москве', 0, '<div align="justify"><span style="color: #00a0e3; font-size: large;"><br>\r\nБеременность</span> для каждой семьи радостное событие. Но его омрачает бюрократическая волокита, которая может обернуться стрессами для будущей роженицы. Простаивание в очередях к врачу для <strong>получения справки о беременности</strong>, волнения из-за срывов сроков ее подачи в исполнительные органы – всё это может омрачить время ожидания малыша.<br>\r\n<span style="color: #00a0e3; font-size: large;"><br>\r\nНо не стоит отчаиваться</span>. Ведь вы можете <strong>купить справку о беременности за один день</strong>. Причем мы доставим ее вам прямо домой или по любому указанному адресу. Причем всё оформление будет легальным.<br>\r\n<span style="color: #00a0e3; font-size: large;"><br>\r\n<strong>Медицинская справка о беременности</strong> может понадобиться:</span>• Для подачи по месту работы для получения субсидий, льготных путевок на оздоровление, составления индивидуального графика работы, оспаривание своих прав на сохранение места.<br>\r\n• Для органов ЗАГСа с целью ускорения процедуры регистрации брака.<br>\r\n• Для иных инстанций, в которые необходимо предоставить доказательство своего состояния.<br>\r\n<span style="color: #00a0e3; font-size: large;"><br>\r\nПри этом в обычной клинике вы можете столкнуться с :</span>• Очередями, которые не только забирают время, но и создают стрессовую ситуацию для беременной женщины.<br>\r\n• Волокитой выдачи данного документа.<br>\r\n• Недружелюбием со стороны лиц, которые выдают и подписывают справку о беременности.<br>\r\n<span style="color: #00a0e3; font-size: large;"><br>\r\nЕсли вы хотите сберечь время и нервы</span>, а соответственно, выносить здорового малыша, то лучше купить справку о беременности в нашем Мед центре. Мы примем заявку на справку по телефону, быстро составим нужный медицинский документ и доставим его вам курьером. Вам не придется переживать и тратить время. Мы заботимся о наших клиентах и хотим, чтобы каждая беременная женщина была здоровой и спокойной.Неблагоприятная экология часто становится причиной плохого самочувствия и раннего токсикоза беременных. Избежать его практически невозможно, а ритм работы и выполняемые обязанности требуют предоставления справки о состоянии женщины для перевода ее на более легкий труд.<p></p>\r\n<p>Такой документ можно получить либо в женской консультации, либо в нашем медицинском центре. Выстоять многочасовые очереди в душном и тесном коридоре женской консультации под силу далеко не каждой женщине. А если добавить сюда и неприятные симптомы токсикоза, то ситуация становится практически тупиковой.</p>\r\n<p>В идеале, предоставить официальный документ необходимо до наступления 12-ой недели беременности. Именно это позволяет получить льготное пособие, а также обеспечить комфортные условия работы. Но физически далеко не каждая представительница прекрасного пола чувствует в себе силы для выполнения этого «подвига».</p>\r\n<p>К тому же, посещение специалиста на ранних стадиях беременности еще не гарантирует постановку на учет и получение данной справки. Большинство специалистов отправляют пациенток домой и рекомендуют приходить после 12-14 недель. Поход к главному врачу способен решить вопрос в пользу женщины, но требует нервов и сил.<br>\r\nИдеальным решением станет обращение в наш медицинский центр.</p>'),
(19, 4, 'Выписка из медицинской карты больного / форма 027У', '1600', 'bundles/main/images/spravki/work/9-1.jpg', 'Купить медицинскую справку 027у (карта амбулаторного/стационарного больного): быстрое решение сложной проблемы', 'vypiska-iz-medicinskoj-karty-bolnogo-forma-027u', 'Купить выписку из медицинской карты больного 027У в Москве за 1600р - «msk-medspravki»', 'Купить справку 027у (медицинская карта амбулаторного/стационарного больного) в Москве с доставкой.', 'купить выписку из медицинской карты больного, купить справку 027у, медицинская карта амбулаторного/стационарного больного', 0, '<div align="justify"><span style="color: #005951; font-size: large;"><br>\r\nНаша компания предлагает</span> вам <strong>оформление справки 027У за один день</strong> с доставкой курьером по Москве и Подмосковью. Это позволит избежать необходимости простаивания очередей в клинике, если вам нужен данный документ.<br>\r\n<span style="color: #005951; font-size: large;"><br>\r\n<strong>Покупка справки по форме 027У</strong> на нашем сайте позволяет решить сразу ряд проблем:</span><br>\r\n• Подтвердить состояние здоровья для получения академического отпуска.<br>\r\n• Получить освобождение от занятий на уроках физкультур.<br>\r\n• Подтвердить болезнь в случае пропуска занятий в школе или вузе.<br>\r\n• Получить неоплачиваемый больничный.<br>\r\n<span style="color: #005951; font-size: large;"><br>\r\nМы знаем</span>, что <strong>получение справки 027У</strong> в поликлинике по месту жительства может быть связана для вас с рядом трудностей:1. Вы можете потратить слишком много времени, простояв в очереди к врачу. Причем это отнимает не только время, но и нервы.<br>\r\n2. У вас может быть плохое состояние, при этом вам придется ехать в поликлинику. А ведь на улице может быть непогода, и ваше состояние лишь усугубится.<br>\r\n3. Вам нужно будет пройти обследование у ряда врачей. И это потребует время. А ведь в ряде случаев справка нужна срочно.<br>\r\n<span style="color: #005951; font-size: large;"><br>\r\nВ результате</span> вы потратите много времени и сил. А ведь в это время вы можете действительно заняться своим здоровеем или иными важными вопросами. Поэтому мы предлагаем вам <strong>купить справку 027У в Москве</strong>.<br>\r\n<span style="color: #005951; font-size: large;"><br>\r\nПри этом</span> вы можете быть уверены, что получите справку:• По оптимальным ценам. Вы оплачиваете наши расходы на составление документа и его доставку.<br>\r\n• В день обращения. Мы оперативно составляем любой медицинский документ.<br>\r\n• С доставкой на дом курьером. Также справка может быть доставлена по любому другому адресу в Москве.<br>\r\n• С гарантией официального оформления. Все печати и подписи легальные.<br>\r\n• С печатями практикующих врачей. Мы не создаем подделок, мы делаем только официальный документ.<br>\r\n<span style="color: #005951; font-size: large;"><br>\r\nМы заботимся</span> не только о здоровье наших клиентов, но и об их комфорте. Поэтому мы не задаем лишних вопросов, а лишь оформляем медицинские справки и доставляем их по указанному адресу. Сотрудничать с нами выгодно и удобно. И если вам нужна <strong>справка 027У</strong>, то заказать ее можно прямо сейчас.Получение справки, подтверждающей прохождение человеком амбулаторного или же стационарного лечения сопровождается не только посещением государственных медицинских учреждений, но и длительными очередями, нервотрепкой возле окна регистратуры и другими, не менее неприятными атрибутами поликлиник или же больниц.<p></p>\r\n<p>Но далеко не всегда бывший пациент в состоянии пройти все круги бюрократической волокиты. Перенесенные хирургические вмешательства или курс терапевтического лечения часто требует продолжения приема препаратов и проведения лечебных процедур в домашних условиях. А состояние здоровья бывшего пациента все еще далеко от идеального.</p>\r\n<p>В этом случае тратить время на получение соответствующих документов просто нерационально. Намного разумнее заказать в нашем медицинском центре соответствующую справку, с печатями практикующих специалистов. Она не только будет полностью легальна и соответствовать всем предъявляемым к таким документам требованиям, но также и совершенно законна. Ведь человек действительно проходил указанное лечение в стационаре, о чем свидетельствуют выписка из истории болезни и печать лечащего врача.</p>\r\n</div>'),
(20, 4, 'Медкарта для ребенка / форма 026у-2000', '5000', 'bundles/main/images/spravki/work/10-1.jpg', 'Не знаете, где купить медицинскую карту ребенка? Мы поможем Вам!', 'medkarta-dlya-rebenka-forma-026u-2000', 'Купить медицинскую карту для ребенка 024у за 5000р в Москве - «msk-medspravki»', 'Для поступления в дошкольные общеобразовательные учреждения Вам понадобится медицинская карта ребенка формы 024у которую можно купить у нас.', 'медицинская карта для ребенка 024у купить', 0, '<div align="justify"><span style="color: #00a0e3; font-size: large;"><br>\r\nМедицинская карта формы 026у-2000</span> – это документ, требующийся в обязательном порядке при зачислении ребенка в детский сад или школу. Она содержит полный клинический диагноз, который ставит педиатр исходя из заключений хирурга, офтальмолога, отоларинголога, дерматолога, невролога, логопеда, стоматолога и хирурга, а также ряда анализов: анализа крови, мочи, кала, анализа на яйца глистов, соскоба на энтеробиоз. Эта карта подается в учебное заведение, и все дальнейшие записи касательно состояния здоровья ребенка фиксируются именно в ней.<span style="color: #00a0e3; font-size: large;"><br>\r\n</span><br>\r\n<span style="color: #00a0e3; font-size: large;">Оформление медкарты 026у-2000</span> – достаточно длительный и сложный процесс для огромного количества родителей в Москве, ведь количество врачей, чьи заключения необходимо получить достаточно велико, да и работают они все по-разному. К тому же, поднять ребенка с самого утра, чтобы сдать анализы, а затем еще половину, а то и целый день провести в поликлинике – ой как непросто, а если учесть, что таких дней потребуется несколько, так вообще покажется нереальным.Наша компанияс удовольствием поможет Вам в решении этой проблемы и предлагает <strong>купить медицинскую карту формы 026у-2000 в Москве</strong> быстро с минимальными затратами времени и сил. Вы можете не беспокоиться, данный документ будет полностью легален.<p></p>\r\n</div>'),
(21, 4, 'Прививочная карта / форма 063', '1800', 'bundles/main/images/spravki/work/11-1.jpg', 'Где недорого купить прививочную карту в Москве?', 'privivochnaya-karta-forma-063', 'Купить прививочную карту за 1800р в Москве| Справка формы 063 - «msk-medspravki»', 'Недорого купить прививочную карту в Москве с доставкой на дом.', 'прививочная карта купить', 0, '<div align="justify"><span style="color: #00a0e3; font-size: large;"><br>\r\nКаждый</span> законопослушный гражданин точно знает, что прививочная карта формы 063 – это неотъемлемая часть основной медицинской карты, потому что наличие всех соответствующих медицинскому законодательству прививок является обязательным для нормального взаимодействия и общения с обществом, а также убережет от возможных проблем со здоровьем. Также она является важным компонентов из пакета документов, необходимого для поступления в образовательные заведения и на работу.<span style="color: #00a0e3; font-size: large;"><br>\r\n</span><br>\r\n<span style="color: #00a0e3; font-size: large;">Но не всем удается</span> получить этот документ в нужный срок либо он оказывается утерянным. Совсем не обязательно откладывать поступление в важные заведения на длительное время. Сейчас у каждого есть возможность приобрести готовую карту прививок, которая будет содержать все важные печати и записи. И цена на данную услугу доступна каждому. Купить прививочную карту быстро и с доставкой по Москве – реальность!\r\n<br>\r\n<span style="color: #00a0e3; font-size: large;"><br>\r\nПериод</span>, необходимый для полноценного оформления документации, занимает зачастую один день, не более. Время доставки прививочной карты по указанному адресу – в среднем один час. Обратившись к нам за помощью, у вас есть гарантированная возможность обрести все необходимые документы, не тратя для этого никакого много времени и слишком много денег.</div>'),
(22, 4, 'Санаторно-курортная карта / форма 072У-04', '1500', 'bundles/main/images/spravki/work/12-1.jpg', 'Где купить санаторно-курортную карту в Москве?', 'sanatorno-kurortnaya-karta-forma-072u-04', 'Купить санаторно-курортную книжку  за 1100р в Москве | справка 072У-04 - «msk-medspravki»', 'У нас можно быстро и недорого купить санаторно-курортную книжку в Москве', 'санитарно курортная 072У-04, купить', 0, '<div align="justify"><span style="color: #00a0e3; font-size: large;"><br>\r\nВ жизни</span> возникает многочисленное количество ситуаций, когда без нужной справки просто невозможно обойтись. К примеру, вы пропустили по определенным причинам учебу или работу, или хотите посетить бассейн, а также спортивный зал для поддержания формы. Может быть, вы устраиваетесь на долгожданное место работы, или вам кажется, что занятия по физической культуре для вас лишняя трата времени?<span style="color: #00a0e3; font-size: large;"><br>\r\nНаш центр</span> окажет вам незаменимую помощь и выдаст главный документ, который выручит вас в сложившейся ситуации. <strong>Купить санаторно-курортную карту</strong> очень просто. Стоимость справки совершенно приемлема и доступна для любого финансового положения. Правильное и точное ее название – санаторно-курортная форма 072У-04. Именно этот необходимый тип документа очень сложно сделать, так как требует, во-первых, обычно много времени и сил. Создаются огромные очереди у врачей и прочие подобные мелкие проблемы.<span style="color: #00a0e3; font-size: large;"><br>\r\nТолько</span> квалифицированные специалисты обеспечат мгновенность выполнения задания, сохранят ваши деньги, так как цены на эту карту оптимальные. В подлинности этих документов вы можете быть уверены на 100%. По Москве доставка абсолютно ничего не будет стоить, скорость и качество – это основные достоинства данной организации.</div>'),
(23, 4, 'Справка в бассейн', '500', 'bundles/main/images/spravki/work/13-1.jpg', 'Где купить справку для бассейна в Москве?', 'spravka-v-bassejn', 'Недорого купить справку для бассейна в Москве за 500р - «msk-medspravki»', 'У нас вы можете купить справку для бассейна вашему ребенку по самой низкой цене.', 'справка для бассейна купить в Москве, купить справку в бассейн ребенку', 0, '<div align="justify"><span style="color: #00a0e3; font-size: large;"><br>\r\nРешили <strong>посетить бассейн</strong></span>, но нет медицинской справки? Хотите устроить корпоративный праздник в бассейне или небольшую вечеринку, но останавливает отсутствие соответствующих медицинских документов? Нет времени на посещение поликлиники по месту прописки?<br>\r\n<span style="color: #00a0e3; font-size: large;"><br>\r\nТеперь не нужно</span> тратить время на походы в медицинские центры. Не нужно обходить комиссию врачей. Не нужно выстаивать в очереди в больнице. Ведь теперь у вас есть Мед Центр «Msk-Medspravki», который выпишет <strong>медицинскую справку для бассейна в Москве</strong>. И вы сможете посещать бассейн для собственного удовольствия или оздоровления.<br>\r\n<span style="color: #00a0e3; font-size: large;"><br>\r\nМы гарантируем, что вы <strong>купите справку на посещение бассейна</strong>:</span>\r\n• Быстро. Все справки заполняются в течение дня.<br>\r\n• Установленного образца. У нас есть необходимые бланки.<br>\r\n• С доставкой. Медицинскую справку в Москве вам доставит курьер.<br>\r\n<span style="color: #00a0e3; font-size: large;"><br>\r\nПри необходимости</span> мы подготовим медицинские справки на посещение бассейна для нескольких человек. В этом случае вы можете рассчитывать на скидку, которую мы обсудим в индивидуальном порядке. И главное, что все справки в нашем мед центре официальные. Они заполнены по соответствующей форме, имеют все необходимые печати. Вы можете быть уверены в том, что посетите бассейн в запланированное время. Осталось лишь заказать справку на посещение бассейна в Москве.Посещение бассейна рекомендовано специалистами в качестве эффективной меры профилактики многих заболеваний опорно-двигательного аппарата. Также следует отметить, что плаванье способствует расслаблению мышц, снятию усталости и восстановлению душевного равновесия. Для беременной женщины это еще и уникальная возможность разгрузить уставшие мышцы спины и поддержать тонус всего тела без вреда для малыша.И если выкроить в своем графике пару часов в неделю для собственного здоровья удается многим, то посещение поликлиники по месту прописки для получения соответствующей справки часто становится непреодолимым препятствием на пути к мечте. Каждый знает, что стать обладателем справки для бассейна, полученной в государственном учреждении необычайно сложно. А в платной клинике такая услуга обойдется не только в кругленькую сумму, но и потребует временных затрат.<p></p>\r\n<p>Ведь нужно не только записаться на прием к терапевту, но и пройти соответствующее обследование, сдать анализы. А на это требуется солидное количество времени, включая отсутствие талонов к специалистам и весьма неудобное время работа лаборатории. К тому же потребуется дождаться результатов анализов, а затем снова посетить терапевта, выслуживая бесконечные жалобы соседей по очереди.</p>\r\n</div>'),
(24, 4, 'Справка в спортзал', '700', 'bundles/main/images/spravki/work/14-1.jpg', 'Хотите купить справку в спортзал? Нет ничего проще!', 'spravka-v-sportzal', 'Купить справку в спортзал за 400р - «msk-medspravki»', 'Нужна справка для посещения спортзала или участия в соревнованиях? У нас ее можно заказать с бесплатной доставкой внутри МКАД.', 'справка в спортзал купить', 0, '<div align="justify"><span style="color: #00a0e3; font-size: large;"><br>\r\nВы решили</span> улучшить свою физическую подготовку? Очень правильное, а главное, полезное решение. Ведь занятия спортом благоприятно сказываются не только на физическую форму, но и на весь организм в целом. Вы уже давно ходите кругами вокруг очередного фитнесс центра, с мучительным желанием приобрести абонемент, и вас все время что-то останавливает. И наконец, заветный абонемент в спортзал уже на руках, и все бы замечательно, но тут возникает очередная проблема: без справки к занятиям не допускают. Что же делать?! У вас ни времени, а главное ни желания идти в поликлинику, отстаивать очереди.<br>\r\n<span style="color: #00a0e3; font-size: large;"><br>\r\nА если вы</span> на все сто процентов уверены в своем здоровье и понимаете, что поход в поликлинику напрасен, вы смело можете обратиться к нам. Наша фирма предлагает широкий спектр услуг по изготовлению справок, созданных по всем правилам и имеющих законную силу. Вы может купить справку в спортзал, не тратя лишних усилий. Привлекательно то, что наши услуги могут себе позволить люди совершенно любого достатка, так как цены скажем ниже, чем, если бы вы обратились за справкой в платную клинику. А еще, если у вас нет возможности или желания приезжать за справкой, мы доставим справку в любой конец огромной Москвы.Достаточно представить себе многочасовые очереди в государственной поликлинике как у большинства людей сразу же отпадает желание посещать спортивный зал. Попытка получить талон в регистратуре в рабочие часы терапевта и подогнать свой график так, чтобы успеть и в офис, и на прием часто оканчивается глубоким разочарованием. А ведь еще нужно сдать определенные анализы и дождаться их результата. И только после этого появляется шанс получить вожделенную справку.<p></p>\r\n<p>В тот же момент, привести себя в хорошую физическую форму, порой, просто жизненно необходимо. Безусловно, существует второй путь решения проблемы. Можно воспользоваться услугами частных медицинских центров и клиник. Квалифицированные специалисты достаточно быстро проведут осмотр и возьмут анализы. Но стоимость таких услуг сопоставима с оплатой месячного абонемента посещения фитнес-центра. Далеко не все готовы переплачивать солидную сумму только ради удовольствия пару раз в неделю провести час на тренажерах.</p>\r\n<p>Наши специалисты предлагают простое, доступное и эффективное решение. Обращение в наш Медицинский центр позволит в течении суток получить необходимый документ и приступить к занятиям.</p>\r\n</div>'),
(25, 4, 'Справка для домашнего обучения', '1300', 'bundles/main/images/spravki/work/15-1.jpg', 'Вам нужно купить справку для домашнего обучения в Москве?', 'spravka-dlya-domashnego-obucheniya', 'Купить справку для домашнего обучения за 900р в Москве - «msk-medspravki»', 'Официальная справка для оформления бумаг о переводе на домашнее обучение. Купить с курьерской доставкой можно у нас.', 'Справка для домашнего обучения купить', 0, '<div align="justify">\r\n<span style="color: #00a0e3; font-size: large;"><br>\r\nСправка для домашнего обучения</span> – это документ, который подтверждает, что ребёнок должен получить образование на дому из-за индивидуальных обстоятельств со здоровьем.<br>\r\n<span style="color: #00a0e3; font-size: large;"><br>\r\nДомашнее обучение</span> может быть предложено в двух вариантах: первый – это экстернат (получение среднего образования на дому, но закрепление его при тестировании в школе) или индивидуальная форма (посещение уроков в учебном заведении к моменту подтверждения доктором факта, что обучение нужно проводить в домашних условиях без испытательного периода). Такое подтверждение не даётся в письменном виде, только в форме справки для домашнего обучения, и это именно то, что вам нужно.<br>\r\n<span style="color: #00a0e3; font-size: large;"><br>\r\nОформление</span> такого вида справки очень длительный и мучительный процесс. Для этого необходимо потерять много времени, которого, как всегда не хватает, впрочем, как и нервов. Поэтому многие задумываются о том, чтобы купить справку для домашнего обучения.<br>\r\n<span style="color: #00a0e3; font-size: large;"><br>\r\nРешение этой проблемы</span> всё-таки есть, и для вас оно будет оптимальным. Наш сайт создан для того, чтобы вы очень легко, быстро, качественно, без затраты лишнего времени могли оформить и купить нужную вам справку. Мы выручим вас в трудную минуту, и подскажем самый лёгкий вариант получения документа. Возможна доставка по Москве!<p></p>\r\n<p>В современной школе нередки ситуации, когда у ребенка возникают сложности с одноклассниками, а переводить его в другое учебное заведение нерационально. Ведь потребуется период адаптации и нет никакой гарантии, что снова не возникнут сложные отношения с коллективом.</p>\r\n<p>Также специалисты отмечают, что слабое здоровье часто является серьезным противопоказанием для посещения учебного заведения. Но получение справки, подтверждающей этот факт необычайно длительный и сложный процесс, подчас мучительный для маленького пациента.</p>\r\n<p>Посещение специалистов, проведение диагностического обследования, сдача анализов и прохождение комиссии требует солидного количества времени. А учебный процесс не стоит на месте и родители оказываются перед нелегким выбором. То ли продолжать посещать школу и рисковать физическим или эмоциональным здоровьем ребенка, то ли заняться оформлением документов с риском безнадежно отстать от программы.</p>\r\n<p>Большинство выбирает второй вариант, который требует невероятных усилий от подростка на этапе ускоренного прохождения теоретического курса после того, как семье удается получить медицинскую справку о необходимости домашнего обучения. Идеальным решением станет обращение к специалистам нашего медицинского центра.\r\n</p></div>'),
(26, 4, 'Справка для оформления медицинской страховки / форма 082', '1200', 'bundles/main/images/spravki/work/16-1.jpg', 'Необходимо купить справку для оформления медицинской страховки (форма 082у) в Москве?', 'spravka-dlya-oformleniya-medicinskoj-straxovki-forma-082', 'Купить справку для медецинской страховки 082у в Москве за 1000р - «msk-medspravki»', 'Если вам нужно выехать за границу а проходить медобследования некогда, то купить медицинскую страховку можно у нас.', 'Справка для медицинской страховки 082у купить в Москве', 0, '<div align="justify"><span style="color: #00a0e3; font-size: large;"><br>\r\nСправка формы 082/y</span> – это документ, подтверждающий, то, что человек, который хочет побывать в других странах, совершенно здоров и у него нет никаких противопоказаний к путешествиям. Этот документ часто требуется при получении визы и создания медицинской страховки.<p></p>\r\n<p><span style="color: #00a0e3; font-size: large;"><br>\r\nНикогда не знаешь</span>, понадобится вам поехать за границу или нет. Иногда это получается совершенно случайно. Например, родственники с другой решили сделать вам сюрприз и заказали вам путёвку, или же вам повезло и вы получили тур в результате какого-то розыгрыша. Бывает и такое, что вам срочно нужно выехать за пределы территории своей страны по неотложным делам. В таком случае следует начинать оформлять визу и выезжать.<br>\r\nВ этой ситуации у вас не хватает времени для сбора всех нужных документов, и вы не можете понять, как успеть все это сделать. А ведь ещё нужно оформить медицинскую справку, без которой вы не сможете покинуть свою родину!<br>\r\n<span style="color: #00a0e3; font-size: large;"><br>\r\nНа этот случай</span> вы можете просто купить справку для медицинской страховки у нас в компании. У нас вы можете заказать медицинскую справку форма 082/у в любое время. Мы производим оформление быстро и высококачественно. Для того чтобы сделать заказ, вам просто нужно связаться с нашими операторами, мы возьмём оформление в свои руки, а вы можете заниматься своими делами. Доставка по Москве производится быстро и бесплатно!</p>\r\n<p>Помимо визы для выезда за границу, для посещения большинства стран потребуется и специальная справка, получить которую весьма непросто. Необходимо сделать определенное количество прививок, а также пройти обследование у нескольких специалистов. </p>\r\n<p>Следует отметить, что перечень врачей для каждой страны может претерпевать определенные изменения, да и срок действия справки исчисляется весьма непродолжительным периодом. Поэтому, если вы еще не определились со страной, то следует либо потратить куча времени на получение универсального варианта, либо пройти обследование и оформить справку для нескольких стран. А уже после этого подбирать туры в эти государства.</p>\r\n<p>Также следует помнить, что перед отъездом всегда накапливается огромное количество незавершенных дел и времени на прохождение полноценного обследования просто нет. Нужно не просто передать дела на работе другому сотруднику и сделать это в идеальном состоянии, но также собрать чемодан, подготовить загранпаспорт и документы на получение визы.<br>\r\nИдеальным решением в этом случае станет обращение в наш медицинский центр, где практикующие врачи подготовят необходимый документ в течении 1 рабочего дня!</p>\r\n</div>');
INSERT INTO `document` (`id`, `category_id`, `name`, `price`, `image_src`, `header`, `url`, `title`, `description`, `keywords`, `popular`, `text`) VALUES
(27, 4, 'Справка для получения путевки / форма 070', '1200', 'bundles/main/images/spravki/work/17-1.jpg', 'Где купить справку для получения путевки в Москве?', 'spravka-dlya-polucheniya-putevki-forma-070', 'Купить справку для оформления путевки 070 за 900р в Москве - «msk-medspravki»', 'Справку для оформления путевки форма 070 можно купить у нас с доставкой по Москве.', 'справка для оформления путевки форма 070, купить', 0, '<div align="justify"><span style="color: #00a0e3; font-size: large;"><br>\r\nКак приятно предвкушать</span> удовольствие от поездки в дом отдыха, оздоровительную базу или санаторий! Радостные хлопоты могут быть нарушены только одним обстоятельством: невозможностью быстрого получения документов, в частности, справки для получения путевки.<br>\r\n<span style="color: #00a0e3; font-size: large;"><br>\r\nА что делать</span>, если в суете вы оставили это дело на последний момент? Как оформить справку в Москве быстро? И, главное, где сделать это недорого? У нас! Мы поможем вам купить справку для получения путевки формы 070 в короткие сроки, несмотря на множество препятствующих этому причин:• Отсутствие нужного специалиста в поликлинике (отпуск, неприемные дни или часы врача).<br>\r\n• Занятость докторов, ведь они принимают пациентов, ведут отчетность и им может быть некогда заниматься вашей справкой.<br>\r\n• В «сезон» большое количество людей желают получить нужную справку, поэтому вам, возможно, придется стоять в очереди часами, и не факт, что документ будет готов в этот же день.<br>\r\n<span style="color: #00a0e3; font-size: large;"><br>\r\nНе тратьте нервы!</span> Лучше использовать время и силы для подготовки к поездке, а справкой займемся мы. Справка будет подлинной, изготавливается не более чем за сутки, а курьер доставит ее вам в любое место Москвы.<br>\r\nОтдыхайте с удовольствием и поезжайте хоть завтра!Подыскивая варианты летнего отдыха большинство жителей мегаполиса сталкивается с невозможностью отдыха в южных регионах нашей страны. Стоимость номеров в пансионатах сопоставима с лучшими отелями в Турции, а получить льготную путевку могут далеко не все. Тем не менее, многие компании предлагают своим сотрудникам путевки по привлекательным ценам, но только в том случае, если для этого имеются показания специалистов. Для этого потребуется специальная справка от врача, в которой указана информация о состоянии здоровья пациента и необходимость в определенном курсе лечения.<p></p>\r\n<p>Но даже если по физическим показателям человек и может получить данный документ, то выстоять многочасовые очереди к специалистам даже ради качественного и полезного отдыха готовы далеко не все. На первый взгляд решения просто не существует. Достаточно вспомнить атмосферу поликлиник по месту жительства, а также оценить количество времени, которое потребуется потратить на получение этого документа.</p>\r\n<p>Но благодаря слаженной работе специалистов нашего медицинского центра все желающие могут великолепно отдохнуть в знаменитых пансионатах южного региона, а также поправить здоровье в элитных российских здравницах.</p>\r\n</div>'),
(28, 4, 'Справка из травмпункта', '1400', 'bundles/main/images/spravki/work/18-1.jpg', 'Где купить справку из травмпункта в Москве?', 'spravka-iz-travmpunkta', 'Купить медицинскую справку из травмпункта за 1200р в Москве - «msk-medspravki»', 'Заказать справку из травмпункта легче легкого, просто позвоните нам.', 'Справка из травмпункта купить', 0, '<div align="justify"><span style="color: #00a0e3; font-size: large;"><br>\r\nУпал, очнулся, гипс?</span> Даже малейшая травма выбивает из равновесия (что душевного, что физического). Мысли лишь об одном: как бы скорее встать на ноги. А что, если вы в прямом смысле не можете стоять на ногах? Если вам тяжело сходить в травмпункт, чтобы засвидетельствовать повреждения? А справка-то нужна! Не секрет, что после посещения рядовых эскулапов человек с травмой физической может получить и травму моральную. Грустно, но факт: доктор может быть весьма загружен, без настроения и придраться к чему угодно.<br>\r\n<span style="color: #00a0e3; font-size: large;"><br>\r\nУ нас</span> вы можете купить справку из травмпункта абсолютно легально и очень быстро. Не усугубляйте свое состояние бессмысленным стоянием у кабинета врача, потому что вам может стать еще хуже. Вам полагается полный покой – мы обеспечим вам его, после того как вы закажете справку с доставкой по Москве. Кстати, этим вы экономите не только силы, но и деньги, ведь доставка по столице бесплатна.<br>\r\n<span style="color: #00a0e3; font-size: large;"><br>\r\nВсе справки</span>, изготавливаемые нами, абсолютно подлинны и достоверны. Берегите свое здоровье, а уж если оно пошатнулось из-за разных обстоятельств, предоставьте всю необходимую документацию нам.BСложные жизненные ситуация часто сопровождают жителей как крупных мегаполисов, так и небольших городов. Бытовые травмы или же нападения хулиганов вполне способны стать причиной временной нетрудоспособности. И после обращения в государственное медицинское учреждение врачи нередко отказывают в выдаче справки, поскольку искренне считают повреждения несущественными или не мешающими выполнять свои профессиональные обязанности.<p></p>\r\n<p>Получить справку из травмпункта о переломе или вывихе не составляет особого труда. Но что делать, если у женщины лопнул один из кровеносных сосудов на щеке или комариный укус вызвал отек части лица? В этом случае показаться на работе в таком виде бывает просто невозможно.</p>\r\n<p>Далеко не все представительницы прекрасного пола, студенты или школьники готовы рисковать своей репутацией и находиться в коллективе. Идеальным решением станет небольшой отдых в течении которого исчезнут все последствия полученной травмы и человек будет готов вернуться к полноценной жизни. Но при этом необходимо документальное подтверждение от врача, которое станет оправданием отсутствия на рабочем месте или же в учебном заведении. Обращение в наш медицинский центра станет простым и эффективным решением вопроса!</p>\r\n</div>'),
(29, 4, 'Справка на управление маломерными судами', ' 1300', 'bundles/main/images/spravki/work/19-1.jpg', 'Купить медицинскую справку для управления маломерными судами в Москве', 'spravka-na-upravlenie-malomernymi-sudami', 'Купить справку на управление маломерными судами за 1300 р в Москве - «RosSpravki»', 'У нас можно в кротчайшие сроки оформить медицинскую справку на управление маломерными судами в Москве.', 'купить справку на управление маломерными судами', 0, '<div align="justify"><span style="color: #00a0e3; font-size: large;"><br>\r\nМаломерные суда</span> включают яхты и катера. Неудивительно, что многие люди стремятся стать обладателями этих средств плавания. Водный туризм перешел из разряда элитных в категорию доступных для простых граждан в финансовом плане, но не в вопросе бумажной волокиты.<br>\r\n<span style="color: #00a0e3; font-size: large;"><br>\r\nЧто яхта</span>, что катер признаются транспортным средством. Значит, вы должны иметь водительское удостоверение и заключение мед.комиссии. Квалификационные курсы и допуск к экзаменам невозможен без осмотра врачей. Кого же должен посетить начинающий яхтсмен? Терапевта, невролога, окулиста, хирурга, психиатра и нарколога. Запись о годности ставит терапевт на основании заключений остальных докторов. В обычной поликлинике это дело может затянуться на недели. Это связано с загруженностью врачей и неудобным графиком их работы для многих людей.<br>\r\n<span style="color: #00a0e3; font-size: large;"><br>\r\nМы предлагаем</span> купить вам справку для управления маломерными судами быстро и с доставкой по Москве. Зачем терять время на мучительный и долгий обход врачей, просиживать в очередях? К чему собирать инфекцию в больничных коридорах, отпрашиваться с работы, нервничать? Пока остальные дожидаются своего приема, вы уже сможете рассекать по водной глади на катере или яхте!<p></p>\r\n<p>На день рождения, годовщину свадьбы или иной праздник все чаще принято дарить подарочные сертификаты на посещение каких-либо обучающих курсов. Это может быть кулинарные мастер-классы или обучение на горнолыжном курорте. Такие сюрпризы приятны и не требуют особой подготовки или вложений.</p>\r\n<p>Но что делать, если ваши близкие сделали вам необычный подарок и вы стали обладателем абонемента на курсы управлением маломерных судов? Мало того, что вам потребуется выделить для этого определенный промежуток личного времени. Так помимо этого инструктор потребует предъявить справку о состоянии здоровья.</p>\r\n<p>А вот с этим часто возникают определенные сложности. На первый взгляд достаточно посетить государственную поликлинику по месту жительства и пройти обследование у специалистов. Но стоит вспомнить сколько времени занимает попытка получения в регистратуре одного талона к терапевту, как радость от получения подарочного сертификата улетучивается в геометрической прогрессии от количества возникающих перед человеком проблем.</p>\r\n<p>А получение аналогичного документа в частной клинике требует не только солидных финансовых вложений, но и личного присутствия. Мы предлагаем простое и действенное решение — обращение в наш медицинский центр.</p>\r\n</div>'),
(30, 4, 'Справка о временной нетрудоспособности форма 095У', '800', 'bundles/main/images/spravki/work/20-1.jpg', 'Купить справку 095У (о временной нетрудоспособности) в Москве', 'spravka-o-vremennoj-netrudosposobnosti-forma-095u', 'Недорого купить справку 095у задним числом в Москве за 450р - «MSK-medspravki»', 'Справка о временной нетрудоспособности (форма 095у) с доставкой по Москве. Лучшее решение чтобы пропустить работу или учебу.', 'справка о временной нетрудоспособности, купить справку 095 задним числом, справка в школу', 0, '<div align="justify"><span style="color: #00a0e3; font-size: large;"><br>\r\nВаш</span> ребенок плохо себя чувствует, но на вызов врача и получение больничного у вас попросту нет времени? Вы пропустили пары в институте, и это грозит серьезными проблемами? А может, вам хочется просто остаться дома из-за плохой погоды за окном или отсутствия настроения?Мы знаем, что учеба должна быть в радость и без вреда здоровью. Поэтому мы предлагаем вам <strong>купить справку&nbsp;095У в Москве</strong>, которая станет безапелляционным аргументом в пользу пропуска занятий. Не придется краснеть и оправдываться. Справку 095У вы сможете предъявить в школе, техникуме, колледже, университете.<br>\r\n<span style="color: #00a0e3; font-size: large;"><br>\r\nПри выдаче</span> справки мы не станем вас спрашивать, зачем вам нужен данный документ. Вы сможете остаться дома, если чувствуете недомогание. Сможете пойти на важную встречу или на работу, если в этом есть необходимость. Вы сможете поехать на отдых, если чувствуете потребность в восстановлении жизненных сил.<br>\r\n<span style="color: #00a0e3; font-size: large;"><br>\r\nОбратите внимание</span>, что <strong>справка 095У</strong> (можно <strong>задним числом</strong>) выдается сроком до 10 дней, поэтому ваши планы следует с этим согласовать. В остальном же мы всегда готовы вам помочь. Достаточно перезвонить нам по телефону +7 495&nbsp;<span style="color: #000000;">969 48 92</span> или оставить заявку на сайте. Наш представитель быстро свяжется с вами, а курьер доставит справку по Москве.<br>\r\n<span style="color: #00a0e3; font-size: large;"><br>\r\n<strong>Справка 095У</strong> может понадобиться:</span>• Школьникам или их родителям в случае пропуска занятий или необходимости оставить ребенка дома.<br>\r\n• Учащимся колледжей, гимназий, которые запланировали иные дела на время, когда нужно посетить учебное заведение.<br>\r\n• Студентам, которые подрабатывают, а пропуск занятий грозит исключением.<br>\r\n• Учащимся, которые плохо себя чувствуют, но не хотят простаивать очереди в больницах к кабинету врачей.<br>\r\n<span style="color: #00a0e3; font-size: large;"><br>\r\nВсе мы знаем</span>, что выстоять очередь к одному специалисту медицинского учреждения, а затем к другому – это настоящее испытание. А что уж говорить о студентах или школьниках с их эмоциональностью и вспыльчивости. К тому же, выстоять очередь придется как минимум в день обращения и в день закрытия больничного листа. Мы же <strong>предлагаем справку о временной нетрудоспособности</strong> в день обращения, и готовы оформить ее даже задним числом.<br>\r\n<span style="color: #00a0e3; font-size: large;"><br>\r\nИ главное</span>, <strong>купить справку 095У</strong> стоит совсем недорого, все печати и подписи в ней официальные. И если вы не хотите терять время, то можете заказать справку прямо сейчас.Листок временной нетрудоспособности незаменим и в том случае, если у подростка слабое здоровье. Нередки ситуации, когда небольшая простуда при ослабленном иммунитете грозит перерасти в серьезное заболевание при посещении учебного заведения или поликлиники.<p></p>\r\n<p>Ведь именно там в осенне-весенний период врачи отмечают огромное скопление носителей инфекций. Посещение таких медицинских учреждений грозит присоединением вторичной инфекции и тяжелым течением основного заболевания.</p>\r\n<p>Если ваш ребенок отличается слабым здоровьем и посещение врача обязательно сопровождается длительным ожиданием в очередях, то оптимальным выходом из сложившейся ситуации станет обращение в наш центр. Достаточно связаться с нашими специалистами и необходимый документ будет подготовлен к указанному времени.</p>\r\n<p>Мы готовы предоставить справку о временной нетрудоспособности, которая позволит ребенку провести несколько спокойных дней дома, восстановить силы и избежать соприкосновения с носителями инфекции в период ослабления иммунитета. К тому же, ученик в этот период сможет выполнять задания преподавателей и не отстанет от остальных школьников или студентов.</p>\r\n</div>'),
(31, 4, 'Справка о флюорографии', ' 700', 'bundles/main/images/spravki/work/21-1.jpg', 'Хотите купить справку о флюорографии в Москве?', 'spravka-o-flyurografii', 'Купить справку о флюорографии в Москве за 700р - «msk-medspravki»', 'Справка о флюорографии с доставкой по Москве. Купить намного проще чем проходить.', 'справка о флюорографии купить', 0, '<div align="justify"><span style="color: #00a0e3; font-size: large;"><br>\r\nКаждый</span> социализированный гражданин наверняка знаком процедурой прохождения флюорографического исследования. Но не все знают, зачем нужно регулярно повторять эту манипуляцию и в чем заключается ее суть. Флюорография органов грудной клетки и сердца – самый популярный, эффективный и быстрый метод диагностики органов человеческого организма с помощью рентгенологической картинки. Таким образом можно обнаружить такие тяжелые заболевания, как туберкулез, опухоли легких, нарушения в костной системе и молочных железах.<span style="color: #00a0e3; font-size: large;"><br>\r\n</span><br>\r\n<span style="color: #00a0e3; font-size: large;">Таким образом</span>, справка о прохождении флюорографического исследования является самой распространенной, среди остальных необходимых документов для предъявления во все государственные учреждения. Чтобы получить последующие направления на медицинское обследование, этот документ также понадобится. Легче купить справку о флюорографии, чем выжидать своей очереди у уставшего врача.<span style="color: #00a0e3; font-size: large;"><br>\r\n</span><br>\r\n<span style="color: #00a0e3; font-size: large;">Флюорографическое обследование</span> необходимо предоставлять для поступления в учебные и образовательные заведения, лечебные, курортно-санаторные учреждения.<br>\r\nДля получения права на прохождение ФЛГ необходимо направление от практикующего врача. После совершения диагностической манипуляции выдается индивидуальный талон, который в короткие сроки необходимо подать в нужное заведение.<span style="color: #00a0e3; font-size: large;"><br>\r\n</span><br>\r\n<span style="color: #00a0e3; font-size: large;">Для быстрого</span> обретения результатов ФЛГ непременно стоит обратиться к нам, так как только у нас вы в короткий срок и за небольшие деньги получите официальный документ. Доставка в Москве будет очень быстрой!Как часто всем нам приходиться сталкиваться с необходимостью предоставления медицинских справок и подтверждающих состояние здоровья заключений от практикующих врачей. Это результаты анализов и справки из травмпунктов. Нои ни одна из них не является такой распространенной, как справка о прохождении флюорографии.<p></p>\r\n<p>Достаточно вспомнить многочасовое ожидание, бесконечные перерывы в работе кабинета на проведение кварцевания и пропуск сотрудников крупных организаций вне очереди, чтобы заранее содрогнуться от необходимости пройти данное обследование.</p>\r\n<p>И тем не менее, большинство специалистов настаивают на предоставлении такой справки. Даже врачи в женской консультации отказывают в выдаче обменной карты пациентке, супруг которой не прошел данной обследование. А выбрать день и потратить его на прохождение флюорографии готов далеко не каждый. Хорошо, если такую справку готова предоставить организация на основании ежегодного обследования собственных сотрудников. А если человек должен самостоятельно получать ее в государственном учреждении?</p>\r\n<p>Также следует учесть, что не все работодатели готовы предоставить своим сотрудникам отгул для оформления медицинских документов. Остается лишь обращаться в частные клиники, а стоимость такой услуги часто несопоставима с выгодой от ее получения.</p>\r\n</div>'),
(32, 4, 'Справка об эпидокружении', '700', 'bundles/main/images/spravki/work/22-1.jpg', 'У нас можно купить справку об эпидокружении с доставкой в Москве', 'spravka-ob-epidokruzhenii', 'Купить справку об эпидокружении за 700р в Москве - «msk-medspravki»', 'У нас вы можете купить справку об эпидокружени в Москве с доставкой на дом.', 'справка об эпидокружении купить в Москве', 0, '<div align="justify"><span style="color: #00a0e3; font-size: large;"><br>\r\nУ нас можно</span> купить справку об эпидокружении с доставкой в Москве. Нередки случаи, когда она может понадобиться.<br>\r\n<span style="color: #00a0e3; font-size: large;"><br>\r\nЕсли</span> возникла необходимость предъявления доказательства того, что вы на протяжении 21 дня пребывали в чистой среде вдали от больных тяжелыми инфекционными заболеваниями, и очагов распространения вирусов и недуг, значит, пора оформлять справку об эпидемиологическом окружении. Такую справку могут потребовать как заведения образования, так и учреждения здравоохранения и оздоровления.<br>\r\n<span style="color: #00a0e3; font-size: large;"><br>\r\nДля нормального</span> хода подачи документов в необходимую инстанцию нужно выдержать все нормы их сбора и своевременного применения. Справка об эпидокружении также имеет свои особенности. Они заключаются в том, что период ее действительности составляет всего-навсего три дня с даты официального оформления. Знающие люди непременно обратят внимание на законность данного документа и его официальность. Поэтому справку, констатирующую эпидокружение необходимо оформлять непосредственно перед выездом в лечебно-профилактическое заведение.<br>\r\n<span style="color: #00a0e3; font-size: large;"><br>\r\nС помощью</span> нашей компании вы можете легко и недорого оформить все необходимые документы и медицинские справки, соответствующие всем необходимым требованиям и действующему законодательству. Также вас порадует максимальная скорость оказанной услуги, а наши сотрудники доставят документы прямо домой или по указанному адресу.Отправить ребенка в государственную или частную секцию для занятия спортом, музыкой или иными творческими дисциплинами планируют многие родители. Но далеко не все знают, что как с ребенка, так и со взрослого человека организаторы часто требуют предъявление справки, свидетельствующей об отсутствии в его окружении больных и инфицированных людей.<p></p>\r\n<p>На первый взгляд получить такое документальное подтверждение можно в государственной поликлинике у участкового терапевта. В ряде случае даже не придется сдавать анализы. Но для этого у вас должны быть великолепные отношения с врачом или кем-то из медицинского персонала заведения.</p>\r\n<p>Если же таких связей нет, то придется не только отстоять многочасовую очередь перед кабинетом врача, но и пройти неприятную процедуру обследования, а также сдать анализы и дождаться их результата. На это уходит несколько дней. А далеко не всегда они есть в распоряжении человека. Большинство наших соотечественников решают посещать занятия только за пару дней до окончания набора группы. И справка оказывается нужна не просто сегодня, а уже «вчера». Ведь потребуется еще собрать ряд документов и выкроить время на их предоставление организаторам клуба или учебного заведения.</p>\r\n</div>');

-- --------------------------------------------------------

--
-- Структура таблицы `orders`
--

CREATE TABLE IF NOT EXISTS `orders` (
  `id` int(11) NOT NULL AUTO_INCREMENT,
  `fio` varchar(255) COLLATE utf8_unicode_ci NOT NULL,
  `address` varchar(255) COLLATE utf8_unicode_ci NOT NULL,
  `email` varchar(255) COLLATE utf8_unicode_ci NOT NULL,
  `phone` varchar(255) COLLATE utf8_unicode_ci NOT NULL,
  `subject` varchar(255) COLLATE utf8_unicode_ci NOT NULL,
  `message` longtext COLLATE utf8_unicode_ci NOT NULL,
  `photo` varchar(255) COLLATE utf8_unicode_ci DEFAULT NULL,
  `date_create` datetime NOT NULL,
  PRIMARY KEY (`id`)
) ENGINE=InnoDB DEFAULT CHARSET=utf8 COLLATE=utf8_unicode_ci AUTO_INCREMENT=1 ;

-- --------------------------------------------------------

--
-- Структура таблицы `posts`
--

CREATE TABLE IF NOT EXISTS `posts` (
  `id` int(11) NOT NULL AUTO_INCREMENT,
  `title` varchar(255) COLLATE utf8_unicode_ci NOT NULL,
  `url` varchar(255) COLLATE utf8_unicode_ci NOT NULL,
  `text` longtext COLLATE utf8_unicode_ci NOT NULL,
  PRIMARY KEY (`id`)
) ENGINE=InnoDB  DEFAULT CHARSET=utf8 COLLATE=utf8_unicode_ci AUTO_INCREMENT=19 ;

--
-- Дамп данных таблицы `posts`
--

INSERT INTO `posts` (`id`, `title`, `url`, `text`) VALUES
(1, 'Питание и здоровье', 'pitanie-i-zdorove', '<p>Мы — есть, то что мы едим!</p>\r\n\r\n<p>А теперь проанализируйте свой рацион и составьте о себе визуальное представление, как бы изнутри.</p>\r\n\r\n<p>Каждый из нас любит красивые вещи, сделанные качественно, и из хороших материалов. Нам нравятся красивые люди, больше чем некрасивые.</p>\r\n\r\n<p>Выбирая, в магазинах одежду мы внимательно изучаем каждый шов, и смотрим, чтоб нигде не оказалось ни дырочки, ни изъяна на ткани .Но при этом абсолютно спокойно отправляем себе в рот, а затем в желудок, надгнившее яблочко, заплесневевшее варенье, хлеб, помидор. Без всякого опасения для своего здоровья разогреваем супчик, которому пошла уже вторая неделя.</p>\r\n\r\n<p>Ну, ладно, мы можем себе позволить, хотя и это ненормально. Но мы же предлагаем это все нашим детям, с самого раннего возраста прививая буквально с рождения неразумные правила безжалостного отношения к своему здоровью. При этом каждый из нас с детства знает, что все иммунные процессы находятся в кишечнике. Вот теперь и проанализируем откуда у наших детей столько всего: аллергии, гастриты, колиты, список может быть огромным, но завершается он, к сожалению, онкологией.</p>\r\n\r\n<p>«Мы живем не для того, чтобы есть, а едим для того, чтобы жить!»</p>\r\n\r\n<p>Абсолютно любая еда несет в себе информацию. Современные люди об этом почти ничего не знают, но древние знали точно, что основная задача пищи не только насытить, но и передать человеку генетическую информацию, находящуюся в нем.\r\n\r\nОсобенно это касается растительной пищи. Вот пример:\r\n\r\nИдем на рынок покупаем, в целях экономии не самые лучшие фрукты и овощи. Подгнившие помидоры на томат (с явными признаками увядания или брожения), подпорченные фрукты на компот.\r\n\r\nНе надейтесь на тепловую обработку, она в этом случае все усугубляет.\r\n\r\nИтак, вы принесли домой некачественный продукт, с поврежденной информацией. Если груша была красивой. но потом ударилась, и подгнила – это одно, а если уже на дереве выросла неправильной, скрюченной формы с явными изменениями цвета, то эта груша несет в себе уже измененную генетическую информацию.\r\n\r\nСколько некачественной еды мы съедаем за свою жизнь – мы не подсчитываем.\r\n\r\n<p>Теперь, когда в вашей голове возникают вопросы: « Отчего же так рано, и так быстро стареет моя кожа?», «Почему, в моем организме ощущение дискомфорта?», «Почему я так часто болею, и мои дети тоже?», «Почему меня не покидает ощущение лени и вялости?», «Почему я вижу явные изменения и деформацию моих частей тела? (пальцы на руках и ногах, изменение структуры кожи и волос?)» и т. д.</p>\r\n\r\nОтвет очень прост – пересмотрите свое питание!</p>'),
(2, 'Бабушкины рецепты масок для волос', 'babushkiny-recepty-masok-dlya-volos', '<p>\r\n\r\nПри беременности часто из-за нехватки витаминов, расхода полезных веществ, происходит интенсивное выпадение волос.</p>\r\n\r\n<p>Посещая супермаркет, приобретите такие продукты для волос: кефир, мёд, лук и яйца. В аптеке запаситесь следующим: репейное масло, крапива, хмель, мята перечная, ромашка, настойка водяного перца.</p>\r\n\r\n<p>У каждой маски для волос есть свой отдельный рецепт, компоненты и цель. Для здоровья волос используйте раз в неделю кефирную маску. Наносите кефир, подогретый до температуры тела на кожу головы, волосы, при этом помните о сохранении температурного режима – обмотайте кожу головы так, чтобы сохранялось тепло.</p>\r\n\r\n<p>Маска против выпадения волос несколько сложнее. Вам понадобиться сырой желток, пару столовых ложек сока лука, репейное масло. В остальном все — техника нанесения маски и сохранение тепла остается таким же.</p>\r\n\r\n<p>Если же Вы мечтаете ускорить рост волос, периодически делайте маски с использованием сырого желтка и меда в равных пропорциях, некоторые бабушки советуют добавлять настойку перца водяного. Маски с использованием крапивы, хмеля, мяты перечной, ромашки придадут волосам здоровый вид и, одновременно, будут являться профилактическими против заболеваний кожи головы.</p>\r\n\r\n<p>Кроме того, ещё существуют способы подкрашивания волос даже для беременных. Да, тоже с использованием трав. Например, регулярное ополаскивание раствором ромашки придаст светлым волосам золотистый оттенок, а товаром каштана – коричневатый. Пробуйте!</p>'),
(3, '«Предродовые страдания» или больничный лист для беременной женщины', 'predrodovye-stradaniya-ili-bolnichnyj-list-dlya-beremennoj-zhenshhiny', '<p>В семье радостное извести: у нас будет ребеночек!\r\n\r\nПока женщина продолжает работать на прежнем рабочем месте.\r\n\r\nЖенщина, ждущая ребенка – хрупкая биологическая система в нашем непростом, порою суровом мире.\r\n\r\nВыносить здорового малыша – удача для любой женщины, это должны помнить все.\r\n\r\nМать находится под государственной защитой и работодатель, имеющий в своем штатном расписании такой охраняемый «государственный объект», особенно должен трепетно и нежно относится к нему.\r\n\r\nС момента постановки на учет, женщине, ожидающей ребенка, создаются особые психологические и эмоционально-позитивные условия на рабочем месте.\r\n\r\nТакую инструкцию должен проводить каждый руководитель в своем рабочем коллективе.\r\n\r\nС определенного срока такую женщину переводят на легкий или облегченный труд.\r\n\r\nНо жизнь вносит свои коррективы в жизненный маршрут женщины, ждущей ребенка.\r\n\r\nОна может заболеть и попасть в больницу, может попасть в сложную жизненную ситуацию, возможна угроза выкидыша, произойти может все, начиная с первых дней зарождения новой жизни.\r\n\r\nКак оплачивается больничный лист для такой женщины?\r\n\r\nРоссийское законодательство обладает мощным инструментом в области охраны детства и материнства.\r\n\r\nВо-первых, если рабочий стаж женщины 8 лет, больничный лист оплачивается 100%, независимо от продолжительности болезни и сколько раз она брала больничный по нетрудоспособности.\r\n\r\nВо – вторых, никакое сокращение женщине не грозит, достаточно принести справку участкового гинеколога со сроком беременности и постановкой на государственный учет по беременности.\r\n\r\nДаже мигранты-женщины попадают под этот закон, тем самым подчеркивая международную защиту материнства в России.\r\n\r\nИсключение: если женщина работала у частника (индивидуального предпринимателя), который прекратил свою деятельность или полная ликвидация организации, где трудилась беременная.\r\n\r\nСколько бы не находилась на больничном листе беременная женщина, она получит все положенные денежные начисления, в зависимости от трудового стажа.\r\n\r\nКак рассчитать пособие по больничному листу беременной женщины?\r\n\r\nБудет проведена следующая процедура.\r\n\r\nСпециалист суммирует средний ваш заработок за два последних года работы (2012г.+2013 г.)\r\n\r\nДля начисления пособия существует понятие, как «предельная база» для исчисления страховых взносов.\r\n\r\nВ 2012 году сумма предельной базы составляла 512 тысяч рублей, а в 2013 году – 568 тысяч рублей.\r\n\r\nЕсли сумма вашего заработка за тот или другой год будет ниже, чем предельная сумма (база), то больничный лист будет оплачиваться из вашей средней зарплаты.\r\n\r\nВ случае, если вы получали высокую заработную плату, вы были высокооплачиваем специалистом, то больничный лист вычисляется из размера предельной базы.\r\n\r\nБухгалтерия сложит вашу зарплату за два последних года, поделит на число 730.\r\n\r\n730 – величина постоянная (константа) для таких вычислений, установлена законодательно.\r\n\r\nВ итоге мы получаем ежедневный средний заработок.\r\n\r\nЗатем дневная зарплата (пособие) умножается на количество дней по болезни.\r\n\r\nПолучаем сумму пособия по болезни.</p>'),
(4, 'Как обмануть свой аппетит Советы', 'kak-obmanut-svoj-appetit-sovety', '<p>Многие люди, которые собрались похудеть при помощи диеты, сталкиваются с проблемой постоянного желания поесть. В постоянной борьбе со своим аппетитом часто он одерживает верх над Вами и, наперекор самому себе, опять употребляете чрезмерное количество пищи. Не стоит отчаиваться в такой ситуации! Этот факт можно перебороть несколькими элементарными правилами.</p>\r\n\r\n<p>Во-первых, прислушайтесь к народной пословице, которая гласит, что стоя больше еды влезет. Поверьте, это действительно так. Поэтому никогда не кушайте стоя и не пытайтесь сделать это на ходу. Старайтесь всегда класть свою пищу на тарелку. Попытайтесь манипулировать зрительным обманом при помощи подбора тарелки по размеру. Чем меньше тарелка, тем больше порция будет казаться.</p>\r\n\r\n<p>Старайтесь, что бы у Вас всегда была под рукой минеральная вода или сок. С их помощью можно обмануть на время чувство голода. В воду можно добавить кубики льда или немного сока лимона. Также прекрасным способом является полоскание полости рта мятным отваром, в крайнем случае, можно пожевать мятную жвачку.</p>\r\n\r\n<p>Еще один момент. Работа и труд – все перетрут. Любое полезное дело отвлекает от чувства голода. Поэтому, дабы отвлечь себя от этого чувства, займитесь какой-то работой. Рекомендуется, перед уходом с работы домой, немного перекусить. Для этого можно использовать яблоко, какие-либо сухофрукты или йогурт. Старайтесь не приходить домой голодными.</p>'),
(5, 'Холод не враг', 'xolod-ne-vrag', '<p>Не нужно бояться холода в наши суровые русские зимы. Есть масса способов не заболеть, но нужно приложить некоторые усилия, которые окупаются вашим самочувствием и свободой действий в зимний период. Ведь большинство из вас согласятся, что из-за холода они не могут совершать определенных действий, заниматься чем-то их интересующим. </p>\r\n\r\n<p>Обратите своего врага против вас! Закалка – надежное средство в противостоянии зимним температурам. Уже скоро после начала процедур, вы почувствуете колоссальный прилив сил, вам потребуется меньше времени на сон, а утомляемость снизится в отличие от вашего настроения, которое стремительно будет подниматься вверх. Кроме того, на улице холод будет ощущаться значительно ниже, что позволяет делать вам то, чего не удавалось раньше. Но в закаливание организма входят не только процедуры, одевайте меньше одежды дома и реже нежьтесь теплом, так ваше тело не будет реагировать на каждый холодный порыв ветра болью в горле. </p>\r\n\r\n<p>Питайтесь правильно. Зимой особенно важно пить специализированные витамины и есть в больших количествах фрукты и овощи. Каждый день на вашем столе должен стоять салат из свежих овощей, желательно без добавлений приправ. Чистый вкус натуральных продуктов сам по себе стимулирует организм. То же самое можно делать и из фруктов, это очень вкусно и радует глаз, особенно если вам нужно рано на работу, так можно получить мощный заряд из витаминов и позитива с самого утра.</p>\r\n\r\n<p>Занимайтесь спортом. Так организму будет проще бороться с вирусами и низкими температурами, ведь так вы заставляете его работать на всю мощность, активировать те ресурсы, которые просто не задействованы при лежании на диване. Вы будете выносливее, сильнее, настроение на высоте, да еще и холод вам не страшен, и на зависть другим, вам не придется мерзнуть на улице или бояться заболеть. К тому же, летом вы еще и похвастаетесь своим шикарным телом, которое закалил зимний холод и ваша упорная работа.</p>\r\n\r\n<p>Таким образом, бороться с низкими температурами вовсе не сложно, а даже приятно, просто нужно понять это и упорно заниматься собой и награда не заставит себя ждать! Представьте, как бы много вы бы сделали, если бы вам не был страшен холод, а ведь это не мечта, а вполне реализуемая цель, к которой необходимо стремиться каждому, кому не нравится пассивный стиль жизни работа-дом-работа. Главное запомнить холод вам не враг.</p>'),
(6, 'Что поможет женщине быстро уснуть', 'chto-pomozhet-zhenshhine-bystro-usnut', '<p>Психологическое и физическое состояние человека напрямую зависит от сна, но мужской организм менее требователен к располагающим и комфортным условиям отдыха. </p>\r\n\r\n<p>Плохой сон не только негативно сказывается на работоспособности и настроении женщины, но приводит к образованию темных кругов под глазами и плохому цвету лица. Что делать, чтобы быстро засыпать?</p>\r\n\r\n<p>В первую очередь у вас должна быть удобная кровать, мягкое постельное белье и тишина. Вечерняя прогулка – лучшее снотворное, она успокоительно влияет на организм, приводит в гармоничное настроение и подготавливает ко сну. Не лишним будет перед сном выпить стакан теплого молока с ложкой меда или кефир. Много кушать перед сном не нужно, а вот полстакана теплого вина обладает прекрасным снотворным эффектом.</p>\r\n\r\n<p>Оптимальная поза для расслабления — это положение на спине. Постарайтесь представить, как мышцы перестают напрягаться и наливаются теплом, ощутите умиротворение и покой, отбросьте все мысли. Не нервничайте и не злитесь, что сон не приходит. Будьте благосклонны к себе, и тогда отдых и физическое состояние будут великолепными!</p>'),
(7, 'ЗОЖ или как стать привлекательной', 'zozh-ili-kak-stat-privlekatelnoj', '<p>Девушки хотят выглядеть привлекательно и стройно. А что для этого нужно? Диеты, операции, долгие и мучительные тренировки в спортзале? Вовсе нет. Всего лишь знание о том, что такое ЗОЖ. Рассказ пойдёт о том, что нужно знать, для того чтобы на чуточку приблизится к своей мечте.</p>\r\n\r\n<p>Преимущества похудения. Стройная фигура – это непросто роскошь, которая украшает каждую девушку, но и незаменимая часть полноценного здоровья. Ведь, как мы знаем, целлит мешает жить. Вы чаще устаёте, расходуете больше денег на пропитание, вы ленитесь ещё больше. А почему бы не подумать, как преобразится ваша фигура. Как организм был бы благодарен вам за то, что вы сняли с него такую тяжёлую ношу.</p>\r\n\r\n<p>Борьба с чувством голода. Порой мы не замечаем, что съедаем больше чем надо. Кушаем за телевизором. А в чём причина? Она скрывается от нас в недоеденном завтраке, забытой варёной курице на обед или в голодании с целью сбросить ненавистные килограммы. </p>\r\n\r\n<p>Несколько правил.</p>\r\n<ul>\r\n	<li>• Выпивайте 1 стакан воды перед завтраком. Кушайте после 30-ти минут.</li>\r\n	<li>• Завтракайте полноценно. На вашем столе могут быть мюсли, омлет, варёные, яйца + фрукт или каши любой разновидности.</li>\r\n	<li>• Питайтесь правильно и в обед. Правильно будит употребить белки и углеводы. (Курица, различное мясо, крупа, супы.)</li>\r\n	<li>• Берите тарелку в руки 4–5 раз . 3 основные приёма пищи и 1–2 перекуса.</li>\r\n	<li>• Для того чтобы не хотеть есть нужно чистить как можно чаще зубы.</li>\r\n	<li>• Физические нагрузки также помогут вашему желудку не только мышцам, но и голод исчезнет.</li>\r\n</ul>\r\n<p>Вредные и опасные для здоровья продукты. Множество любимых вкусных добавок, которые мы так любим неполезные и бесполезны для нашего организма. </p>\r\n\r\n<p>Список: </p>\r\n<ul>\r\n<li>• Соя (колбаса, сосиски, сардельки)\r\n</li>\r\n<li>• Соль. Большое потребление приводит к сердечно-сосудистым заболеваниям.</li>\r\n<li>• Майонез. Нарушение обмена веществ и заболевания желудка.</li>\r\n<li>• Фастфуд. Ожирение.\r\n</li>\r\n\r\n</ul>\r\n\r\n\r\n\r\n\r\n\r\n\r\n<p>Упражнения – это залог здоровья. Много существует упражнений для поддержания себя в форме. Пилатес, йога, силовые упражнения, бокс и многое другое. Пилатес основан на том, чтобы получать мало повреждений. Йога развивает гибкость и гармонию в душе. Силовые упражнения накачают мышцы. Бокс знакомит с самообороной.</p>\r\n\r\n<p>Будьте, уверены в себе и вам ничто не помешает осуществить мечту.</p>'),
(8, 'Рыбки – живое косметическое средство', 'rybki-zhivoe-kosmeticheskoe-sredstvo', '<p>Среди прочих косметических средств и процедур для ухода за ногами особое место занимает ихтиотерапия, или попросту пилинг рыбками. Эта процедура не требует никаких усилий со стороны человека, все, что нужно – опустить ноги в специально подготовленный сосуд, после чего за дело возьмутся рыбки. Такой пилинг считается наиболее естественным и натуральным способом очистки кожи, поэтому приобретает все большую популярность с каждым годом.</p>\r\n\r\n<p>Для процедуры пилинга используются маленькие рыбки Гарра Руфа – 10-сантиметровые серые рыбешки с красными плавничками. Главная особенность этих рыбок – у них полностью отсутствуют зубы, поэтому они совершенно безопасны для человека. Второе название Гарра Руфа, прижившееся в народе, — «рыба-врач». Кроме косметических процедур, этих рыбок используют в медицине – в их слюне содержатся ферменты, положительно воздействующие на человеческую кожу. Гарра Руфа применяются при экземах, псориазе и некоторых грибковых заболеваниях.</p>\r\n\r\n<p>Сама процедура ихтиотерапии проходит следующим образом. Вымытые ноги опускаются в емкость с водой, температура которой не превышает 37 градусов. В течение пяти минут кожа разогревается, после чего начинается «работа» рыбок, которые убирают отмершие частички кожи с помощью челюстей-присосок. С непривычки у человека может возникнуть небольшой дискомфорт, возможно ощущение покалывания и щекотки. Но буквально за пару минут эти ощущения проходят и превращаются в получение удовольствие от процедуры.</p>\r\n\r\n<p>Кроме очистки кожи ног, пилинг рыбками оказывает еще и массажный эффект. Кстати, ноги – не единственная часть тела, для которой применяют такую процедуру. Иногда встречается ихтиотерапия рук, реже – лица. Такой пилинг полезен тем, что омолаживает и тонизирует кожу, улучшая кровообращение. Кроме того, он имеет еще и психотерапевтическое воздействие, так как в процессе процедуры наступает состояние, близкое к релаксации.</p>\r\n\r\n<p>Вместе с плюсами пилинг рыбками имеет и ряд минусов. В Таиланде и некоторых штатах Америки эта процедура запрещена, поскольку считается, будто рыбки являются переносчиками опасных заболеваний, включая ВИЧ и гепатит. Европейцы же считают, что ихтиотерапия вполне безобидна при соблюдении всех санитарных норм.</p>\r\n\r\n<p>Перед тем, как решиться на пилинг, важно узнать о соблюдении санитарных норм спа-салона, в частности – о регулярности замены воды в сосуде и наличии очистительного фильтра. Также важно, чтобы процедура проводилась именно рыбками Гарра Руфа, а не китайскими Чин-Чин, у которых, в отличие от Гарра Руфа, имеются зубы, а это уже чревато повреждениями кожи.</p>'),
(9, 'Для чего нужен черный тмин?', 'dlya-chego-nuzhen-chernyj-tmin', '<p>Черный тмин (калонджи) — лекарственное растение, которое на протяжении многих столетий использовалось в народной медицине Африки, Индии и Азии.</p>\r\n\r\n<p>Если вы заболеваете астмой, легочными заболеваниями или аллергией, то черный тмин используется как дополнительное лечение в данных ситуациях, который может уменьшить симптомы.</p>\r\n\r\n<p>При астме</p>\r\n\r\n<p>В 2010 гору Иранские ученые провели эксперимент, в результате которого обнаружили, что у всех 15 пациентов, участвующих в испытании, страдающих астмой, при употреблении черного тмина, уменьшились астматические симптомы. Выяснилось, что черный тмин воздействует на легкие, в результате чего открываются воздушные пути.\r\n\r\nИзвестно, что масло черного тмина по сравнению с терапевтическими препаратами является более умеренным по силе воздействия. Перед употреблением черного тмина следует посоветоваться с врачом, так как действие калонджи может усилить действие бронходилататоров.</p>\r\n\r\n<p>При аллергии</p>\r\n\r\n<p>В исследовательском обзоре ученые сравнивали результаты при применении черного тмина 152 пациентов. Оказалось, что те люди, которые применяли в своем лечении черный тмин, в результате лучше переносили симптомы болезни, в независимости от того болели ли они астмой, лихорадкой или экземой. Хотя ученые не осознают механизмы действия черного тмина, ясно, что он обладает выраженными антиаллергическими свойствами, которые положительно влияют на огромный диапазон больных.</p>\r\n\r\n<p>Безопасность черного тмина</p>\r\n\r\n<p>Согласно исследованиям тмин является абсолютно безопасным и не токсичным средством, которое подходит большинству населения. Однако точно не известно его взаимодействие с лекарственными препаратами. В любом случае необходимо проконсультироваться с врачом перед употреблением черного тмина.</p>'),
(10, 'Модная и здоровая еда в 2015 году', 'modnaya-i-zdorovaya-eda-v-2015-godu', '<p>2014 год был богат на идеи о здоровом питании. Вышло множество толстенных кулинарных книг о диете 5:2, растительных соках, смузи и кале (кудрявая капуста, которую модные диетологи продвигали весь прошлый год). А что в новом году? Какие аппетитные новости нас поджидают?</p>\r\n\r\n<p>Жасмин и Мелисса Хемсли презентовали новый кулинарный бестселлер, в котором воспели…бульон на косточках! Они сделали этот бульон основой почти для всех рецептов супов, соусов и тушеных блюд. Это устойчивый, доступный и здоровый ингредиент. Содержащийся в костях коллаген и минералы, а также здоровые жиры благотворно влияют на весь организм в целом. Бульоны на косточках рекомендованы для снижения веса. А еще они очень вкусные.</p>\r\n\r\n<p>Конечно, новый год не пройдет без диет, но диет оздоровительных. Это новые системы питания, поддерживающие в хорошей форме кишечник. Можно есть сколько угодно натуральной и здоровой пищи, но, если кишечник работает плохо, полезных веществ организм все равно не получает. Поэтому 2015 год – это год постоянного употребления свежевыжатых соков, а также зерновых и трав, не содержащих глютен. Другая модная диета – противовоспалительная. Воспалениям, вызванным пищевыми раздражителями, подвержены кишечник, суставы, пищеварительная система. Все это сказывается на обмене веществ. А вызывают воспаления алкоголь, пшеница, красное мясо, сахар и кофе. Есть нужно овощи, фрукты, семена, постное мясо, свежую рыбу и обязательно травы. Куркума – теперь постоянный ингредиент на столе для вашего кишечника, так же как острый перец чили для ваших суставов.</p>\r\n\r\n<p>Как стало понятно, начавшаяся в 2014 году новая эра только здоровой, не переработанной и нерафинированной пищи набирает обороты. Все больше выбор вегетарианских блюд в ресторанах. Все шире ассортимент готовых зеленых салатов в супермаркетах. Ожидается рост производства и продаж натуральных соков холодного отжима. Выращиваются новые сорта салатов и капусты. Делается все, чтобы здоровье было вкусным. Худеть и поправлять здоровье стало значительно проще и приятнее, чем раньше, когда было только сыроедение и тертая морковь на завтрак, обед и ужин. Знаменитый диетолог и кулинар Элла Вудворт предсказывает, что 2015 год окончательно перевернет сознание людей, переориентирует его на потребление только натуральной, здоровой и богатой живыми витаминами пищи.</p>\r\n\r\n<p>«Ах, оставьте меня, я болен…» — иногда, когда наваливается масса дел, так и хочется произнести эту фразу и взять пару дней вполне заслуженного перерыва. Однако получить больничный или справку, освобождающую от учебы, не так-то просто. Для этого придется постоять в очередях и выдержать «экзамен» придирчивого врача. Иногда поход в поликлинику грозит ухудшением состояния – там несложно заразиться простудой, гриппом, ангиной и многими другими инфекциями.</p>'),
(11, 'Супергерой на больничном', 'supergeroj-na-bolnichnom', '<p>Все бы ничего, но вот начальник отчитал. Ну все, скинули с пьедестала, жизнь летит к чертям, меня никто не ценит и не любит и вообще жизнь – то еще барахло. Стоп. Ну кто придумал, что счастье – это когда все идеально: дом, машина, должность топ-менеджера и жена фотомодель? Если не на коне, то обязательно под ним. Третьего не дано, думаем мы в минуты очередного отчаяния. Мы сами себе придумываем эти критерии, а потом впадаем в депрессию, отклонившись от курса на 0,00001%. Мы забываем о том, что счастье – это благополучие, внутренняя гармония и покой.</p>\r\n\r\n<p>В вышеуказанном случае психологи скажут о синдроме завышенных требований – болезненном стремлении к перфекционизму. Не женился на лучшей выпускнице курса, не выиграла конкурс красоты, не купил двухэтажную виллу на Канарах – ну и что, что на деле желание не соответствует реальным возможностям и способностям? Возникает внутренний конфликт желаний и возможностей, а любой конфликт ведет к нервозности, тревоге и закомплексованности. Это состояние выматывает, человек начинает «усыхать». Постоянная гонка за пальмовой веткой первенства приводит к постоянному изматыванию себя и своих близких: супруги, которая снова приготовила пельмени слишком крупными или слишком мелкими, ребенку, который опять получил двойку, подчиненному, который снова недостаточно хорошо подготовил отчет к совещанию.</p>\r\n\r\n<p>В таком круговороте мы совершенно забываем, что в мире не существует ничего идеального. Не принимая мир таким, какой он есть на самом деле, требуя от него нереальной отшлифованности, мы тем самым отвергаем и этот мир вместе с близкими и родными людьми. Мы отвергаем и самого себя. Осознав и признав себя обыкновенным человеком, увидев в окружающих людях обычных, живых людей, мы скорее примем реальность, а значит, примем и себя. Признать завышенность требований к себе – уже хорошее начало на пути пробуждения. Остановите охоту за горизонтом, ставьте реальные цели и стремитесь к ним, только тогда вы заметите, насколько легче вы начнете дышать. Саморазвитие делает нашу жизнь насыщенной и яркой, интересной и захватывающей. Внутренний покой не купить ни за какие деньги. Не стесняйтесь самообразовываться в 50 лет! Вы заметите, насколько богаты вы станете духовно, насколько умиротвореннее станет ваша душа. В этом вам могут помочь специальные психологические курсы, специализированная литература. Жизни прекрасна!</p>'),
(12, 'Лечим ангину правильно', 'lechim-anginu-pravilno', '<p>Хуже всего ангину переносят трудоголики. Ведь именно они с ангиной идут на работу. Лучше всего болеть лёжа в постели. Несоблюдение этого правила не только затягивает лечение, но и способствует развитию хронического вида тонзиллита. Кроме того, вы же не хотите заразить бактериями ваших сослуживцев? Поэтому, первое, что нужно предпринять — взять больничный лист.</p>\r\n\r\n<p>Далее вам нужно настроиться на интенсивное лечение, если хотите быстро вернуться в повседневный ритм.</p>\r\n\r\n<p>Придётся устроить самоизоляцию от всех, кто живёт с вами. Особым пунктом стоят дети и пожилые люди. Так как иммунитет у них недостаточно активен. Попросите не заходить к вам в комнату без особой нужды. Не страшитесь, это ненадолго. Надо лишь переждать период высокой температуры и недомогания, а это у большинства проходит через 2-3 дня.</p>\r\n\r\n<p>Вам нужно иметь отдельные предметы обихода:</p>\r\n\r\n<p>• Столовую посуду и приборы</p>\r\n\r\n<p>• Средства гигиены (щётка для зубов, полотенце)</p>\r\n\r\n<p>• Постельное бельё.</p>\r\n\r\n<p>Щётку после болезни желательно поменять. Также старайтесь менять постельное бельё почаще. Из-за лихорадки и обилия пота оно будет быстро приходить в негодность, а лишних микробов нам в лечении не нужно.</p>\r\n\r\n<p>Высокая температура – хороший признак. Она прямой сигнал того, что ваше тело не собирается легко отдаваться на волю микробов. Оно активно борется и убивает нарушителей. «Хорошая» лихорадка лежит в пределе до 38,5 градуса. Всё что выше этой планки нужно сбивать жаропонижающими. Тут можно ограничиться и местным лечением без приёма антибактериальных препаратов (антибиотики).</p>\r\n\r\n<p>Совсем иной вопрос. Когда лихорадка не сильная, а боль и разбитость есть. Ответ прост. Миндалины уже не выдерживают напора бактерий и сдались в плен. И здесь виднеется прямая опасность того, что инфекция не остановится. Она пойдёт дальше спокойно гулять по организму. В таком варианте событий антибиотики необходимы. Их выпишет лечащий врач.</p>\r\n\r\n<p>Захотелось купить антибиотики самостоятельно? Не делайте этого! Проще и лучше довериться доктору. Есть вероятность пострадать от невнимательного использования препаратов. Диарея или глухота это, наверное, самые безобидные эффекты такого употребления. Немаловажно, что сегодня большинство бактерий плевать хотели на препараты, которые их убивали раньше. Они уже их изучили и научились защищаться. Им ведь тоже жить надо.</p>\r\n\r\n<p>При адекватном лечении ангина покинет ваши миндалины через 7 дней. Для такого результата достаточно соблюдать простые правила описанные</p>');
INSERT INTO `posts` (`id`, `title`, `url`, `text`) VALUES
(13, 'Вредные для здоровья продукты питания', 'vrednye-dlya-zdorovya-produkty-pitaniya', '<p>Сейчас все большие обороты набирает пропаганда здорового образа жизни, который, в первую очередь, предполагает правильное, сбалансированное питание. К сожалению, многие люди не в силах долгое время придерживаться здорового питания, ведь вокруг так много вкусного. Однако вкусное не значит полезное. Какие же продукты наносят самый большой вред человеку?</p>\r\n\r\n<p>Почетное первое место в списке самых вредных продуктов занимают чипсы и сухарики, в которых содержится большое количество жиров, вредных для организма, способствующих ожирению. Также, чипсы ‘кишат’ канцерогенами и всяческими вредными добавками, которые провоцируют образованию бляшек на стенах сосудов.</p>\r\n\r\n<p>На втором месте — газированные напитки. Вещества, содержащиеся в такого рода напитках провоцируют нервное напряжение, снижение иммунитета, то же ожирение, сахарный диабет. В одном стакане всеми любимой кока — колы содержится до 23(!) чайных ложек сахара, что в разы превышает нормы потребляемых углеводов в день!</p>\r\n\r\n<p>Третье место — фаст — фуд. Такая пища содержит немыслимое количество жиров, что опять — таки провоцирует ожирение, повышенный уровень холестерина.</p>\r\n\r\n<p>Следом идут сосиски, сардельки, колбасы. Не секрет, что эти продукты наполнены жирами да и делаются из сомнительных продуктов.</p>\r\n\r\n<p>Пятое место отдано копченостям, особенно покупным. Они также содержат в себе опасное количество жиров.</p>\r\n\r\n<p>Шестым идет маргарин, являющийся самым опасным и не полезным жиром. Он нарушает метаболизм и кислотно — щелочной баланс в организме, способствует набору веса.</p>\r\n\r\n<p>Седьмое место занимают любимые молодежью энергетики, которые содержат в себе ударную дозу кофеина и сахара, что способствует возникновению сердечно — сосудистых заболеваний в достаточно раннем возрасте.</p>\r\n\r\n<p>Восьмое место — различные соусы. В них обычно содержатся консерванты, стабилизаторы, загустители, совершенно неполезные для здоровья.</p>\r\n\r\n<p>Наконец, на последнем месте оказались йогурты и мороженое. Когда — то все это было абсолютно безвредно, но только не теперь. Для долгого хранения в йогурты добавляются специальные вещества, которые просто на просто убивают все живые бактерии в этих самых йогуртах. Мороженое же наполнено ароматизаторами, красителями, антиокислителями. А сомнительные пищевые добавки вызывают быстрое привыкание.</p>\r\n\r\n<p>Это — список самых вредных продуктов для человеческого организма. Скопление вредных, токсичных веществ вызывает нарушение деятельности практически всех систем органов. Такими продуктами не стоит злоупотреблять, а лучше и вовсе вычеркнуть их из своего рациона.</p>'),
(14, 'Детские недомогания', 'detskie-nedomoganiya', '<p>Дети в возрасте до года подвержены различным недомоганиям, такие проявления связанны с адаптацией к окружающей среде и питанию.</p>\r\n\r\n<p>Одним из распространенных недомоганий является метеоризм, наиболее часто ему подвергаются малыши в возрасте до 6-8 месяцев. Скопление газов в животике приводит к увеличению его размеров, при этом он становится твердым. Облегчить боль можно поглаживая животик рукой, также можно прижимая ножки к животику сгибать и разгибать их, массажируя таким образом животик. Считается также, что для уменьшения газиков помогает отвар ромашки или укропная вода, давать их нужно по одной чайной ложечке.</p>\r\n\r\n<p>В особо сложных случаях прибегают к использованию специальной резиновой трубочки. Прокипятив трубочку обработать её кончик вазелином неспеша ввести в задний проход малышу, что позволит освободить кишечник от газов. Этот способ, конечно не является панацеей, но остается одним из наиболее эффективных.</p>\r\n\r\n</p>Довольно часто у малышей особенно много кричащих происходит выпячивание пупка. Такая выпуклость может достигать в размерах грецкий орех. Такое проявление называется пупочной грыжей и связанно со слабой брюшной стенкой. Самолечение в данной ситуации невозможно и может повлечь серьезные последствия и даже операцию. Под наблюдением врача и выполняя все его рекомендации, возможно что грыжа самостоятельно пройдет.</p>\r\n\r\n<p>Маленькие мальчики в раннем возрасте иногда подвержены водянке яичек. Возникновение такого недуга обусловлено черезмерном образованием жидкости в оболочках яичек. Не сильные проявления водянки не требуют какого либо вмешательства, за исключением наблюдения у врача и проходят самостоятельно. Если же водянка плотная при прощупывании и доставляет неприятные или болезненные ощущения, то помощь специалиста и лечение срочно необходимы.</p>\r\n\r\n<p>Иногда у грудничков среди ночи возникают внезапные приступы крика, малыш бросает грудь без видимых на то причин возможно у него заболели ушки. В результате простуды возможно осложнение на уши, провоцирующее в дальнейшем воспаление. Для достоверности своих предположений нужно понаблюдать как ребенок ест. Если при приеме пищи ему больно, а барабанные перепонки втянуты, при нажатии на ушные раковины он начинает кричать, то скорее всего данный диагноз вполне возможен. Врач проведет диагностику и поставит точный диагноз, который скорей всего будет отит. Малыши довольно часто простужаются, а недостаточное или несвоевременное лечение способствует его развитию.</p>\r\n\r\n<p>Еще одним недомоганием малышей является прорезывание зубов. Этот естественный процесс подчас приводит к болезьненым и неприятным ощущениям. Десна ребенка раздражены, проявляется постоянный зуд и желание потереть десна твердым предметом, при этом очень увеличивается слюноотделение. У многих ребятишек при прорезывании зубов возникают расстройства стула и сна, в отдельных случаях возможно появление температуры, сыпь и рвота. Этот естественный процесс иногда сопровождается несколько дней капризностью и ослабленностью организма, поэтому следует внимательно отнестись к ребенку в целях недопущения простуды. Для помощи в этом сложном процессе можно давать малышу охлажденный прорезыватель, корочку хлеба или яблочко. Иногда возможна обработка десен специальным охлаждающим гелем, для уменьшения болевые симптомы. И при необходимости при сильном повышении температуры возможно дать детское жаропонижающее.</p>'),
(15, 'Долго рассматривавшаяся как угроза Виагра может помочь при лечении заболеваний сердца', 'dolgo-rassmatrivavshayasya-kak-ugroza-viagra-mozhet-pomoch-pri-lechenii-zabolevanij-serdca', '<p>Маленькая голубая таблетка давно известна как усилитель сексуальной силы мужчин, но она же может быть использована для лечения сердечно-сосудистых заболеваний, о чём говорится в новом исследовании. Виагра вышла на рынок в 1998 году как препарат для лечения импотенции у мужчин. В течение следующего десятилетия она стала самым коммерчески успешным лекарственным препаратом на рынке, продано более чем 1,8 млрд. таблеток, которые использовали примерно 35 млн. человек.</p>\r\n\r\n<p>Из-за сексуальной репутации Виагра был позабыт тот факт, что препарат (под именем силденафил) был первоначально разработан для лечения высокого кровяного давления и сердечно-сосудистых заболеваний, за счёт способности расширять кровеносные сосуды и увеличивать кровоток. «Результаты препарата в борьбе против стенокардии были скромные, но пациенты сообщили о неожиданном побочном эффекте в виде улучшения эрекции», объясняет ведущий автор Андреа М. Исидори на сайте BioMed Central. «Центр внимания к этому препарату быстро переместился от сердца к спальне».</p>\r\n\r\n<p>Хотя Виагра широко воспринимается как успешный «препарат любви», её история в качестве жизнеспособного лекарства для пациентов с заболеваниями сердца пострадала, когда некоторые пациенты пострадали от сердечно-сосудистых происшествий, результатом которых стало несколько смертей. В результате большинство врачей перестали назначать его людям с заболеваниями сердца. Более поздние исследования обнаружили, что проблемы возникают при приёме Виагры в сочетании с другими препаратами, содержащими нитросоединения, используемые для регулирования различных аспектов нервной, иммунной и сердечно-сосудистой систем. В сочетании препараты повышают риск внезапного падения артериального давления во время секса, что может быть вредным для человека с проблемами с сердцем. «Очевидно, что это является результатом ряда условий, случающихся одновременно. Когда Виагра принимается правильно, всё идёт как надо».</p>\r\n\r\n<p>Новое исследование, сосредоточенное в основном на мужчинах, может не только изменить мнение об опасности Виагры для людей с сердечными проблемами, но и показать, что она помогает улучшить работу сердца. Основным ингредиентом Виагры являются ингибиторы фосфодиэстеразы-5 (PDE5i), как и других лекарственных препаратов, используемых для исправления эректильной дисфункции. Ингибиторы блокируют фермент PDE5, предотвращающий расслабление гладкой мышечной ткани. Чтобы проверить эффективность PDE5i в деле защиты сердца, проанализированы исследования с участием 1622 пациентов, которые лечились PDE5i или плацебо.</p>\r\n\r\n<p>Анализ показал, что PDE5i останавливает сердце от расширения и изменения формы у пациентов, страдающих гипертрофией левого желудочка — заболевания, вызывающего утолщение мышц левого желудочка. PDE5i повышает улучшает производительность сердца у пациентов с его заболеваниями без негативного воздействия на артериальное давление.</p>\r\n\r\n<p>Авторы исследования пришли к выводу, что PDE5i можно безопасно применять у людей, которые страдают от утолщения сердечной мышцы и ранних стадий сердечной недостаточности. Но так как большинство пациентов, которых они проанализировали, были мужчинами, выводы требуют более крупного исследования с анализом зависимости долгосрочного влияния от пола.</p>\r\n\r\n<p>«Мы установили, что главный ингредиент Виагры может быть использован для эффективного и безопасного лечения нескольких пациентов с сердечной болезнью», говорит Исидори. «Необходимы новые более масштабные клинические испытания, которые подтвердят достоверность сделанных выводов».</p>\r\n\r\n<p>Новые испытания PDE5i потребуют долгих лет и сотен миллионов долларов, так что фармацевтические компании могут не захотеть вкладываться в такие дорогие долгосрочные инвестиции. Бывший президент отдела исследования и разработок компании Pfizer Джон ЛаМаттина считает, что расходы мог бы взять на себя Национальный Институт Здоровья, однако во времена сокращения расходов на здравоохранение потенциал ингибиторов PDE-5 как препаратов для лечения сердечной недостаточности может так и остаться нераскрытым.</p>'),
(16, 'Антибиотики скоро перестанут действовать', 'antibiotiki-skoro-perestanut-dejstvovat', '<p>Возможно, уже вскоре заболевания, из которых с легкостью можно было выйти, станут неизлечимыми. Лавинообразно растет количество опасных бактерий, устойчивых к антибиотикам.</p>\r\n\r\n<p>Отчасти мы сами виноваты. К антибиотикам мы относились как к панацее. Мы лечили ими даже обычный насморк или простуду. Мы ни во что ставили, что антибиотик не действует на вирусы, а только бактерии.</p>\r\n\r\n<p>Пусть они быстро снимают инфекции, ну а кто сегодня имеет время болеть? Такое безрассудство собирает урожай. Всемирная Организация Здравоохранения (ВОЗ) предупреждает: мы вступаем в «эру эволюции вирусов».</p>\r\n\r\n<p>За 10 лет бактерии устойчивые к антибиотикам могут вызывать миллион смертей в год, за 35 лет — уже 10 миллионов! Перед учеными стоит серьезная задача: изобретение новых лекарств в место тех, которые становятся неэффективными. Но это может длиться годами, а болезнь не будет ждать и сама не остановится.</p>\r\n\r\n<p>Стейки на допинг</p>\r\n\r\n<p>За воздействие бактерий на препараты отвечают не только наши неправильные привычки (злоупотребление и плохое применение антибиотиков), но и то, что мы едим. На наших тарелках все чаще попадает мясо, фаршированное антибиотиками.</p>\r\n\r\n<p>Откуда оно там берутся? Производители продуктов питания, желая, чтобы животные быстро прибавили в весе, кормят их именно антибиотиками, в том числе часто популярным пенициллином. Производители увеличивают прибыль, потребители теряют здоровье. Специалисты по питанию призывают обратить внимание на мясо, которые мы покупаем. На упаковках начинает появляться информация «без добавления антибиотика».</p>\r\n\r\n<p>К сожалению, часто это связано с более высокой ценой, которую надо заплатить за продукт. И это только потому, что это нам не повредит…</p>'),
(17, 'Эстетическая медицина летом', 'esteticheskaya-medicina-letom', '<p>Лето не повод отказываться от визита к косметологу. Из обширного меню бьюти-процедур можно позволить себе не все, но многое. Ультрафиолетовое излучение летом, конечно, накладывает ограничения на применение некоторых процедур, например: глубокий химический пилинг, обширная шлифовка углекислотным лазером, определенные виды фотопроцедур. Но большинство косметических методик можно применять и в летний сезон.</p>\r\n\r\n<p>Поверхностный пилинг — отшелушивание клеток на глубину рогового слоя кожи. Эта методика не навредит здоровью, при условии использования качественных солнцезащитных средств. Если косметолог в дополнение к пилингу предложит препарат, включающий в себя противовоспалительные компоненты, то обладательницам себорейной кожи не стоит откладывать регулярную чистку лица на осень.</p>\r\n\r\n<p>Серьезная причина провести летний пилинг — наличие некоторых видов рубцов. Чтобы рубец не успел до конца сформироваться, целесообразно своевременно провести терапию.</p>\r\n\r\n<p>Миндальный пилинг широко применяется перед поездкой к морю, так как на выровненную поверхность кожи загар будет ложиться красиво и равномерно.\r\nОсобой популярностью в летний период пользуется криолифтинг. Кожа разглаживается, становится упругой, появляется приятное ощущение свежести и прохлады.</p>\r\n\r\n<p>Строгое соблюдение пациенткой назначений врача в постпроцедурный период, дает возможность применять биоревитализацию и мезотерапию. Эти манипуляции предотвращают фотостарение, минимизируя пересыхание кожи в жаркое время.</p>\r\n<p>Можно сделать контурную пластику и лифтинг мезонитями, предварительно узнав о временных ограничениях. Например, отказ от солнечных ванн в течение 1 месяца.</p>\r\n\r\n<p>Безопасно применение ультразвукового лифтинга — аппарат воздействует на мышцы, находящиеся глубоко под тканями кожи. Солнечные лучи никак не контактируют с обрабатываемым слоем.\r\nУменьшить мощность аппарата при обработке кожи — хорошая возможность воспользоваться новыми технологиями лазерной эпиляции. Врач понижает интенсивность режима излучения, и процедура без опасений применяется в летний сезон.</p>\r\n\r\n<p>Нормальной летней практикой является проведение хирургических пластических операций. В отличие от боди-лифтинга или абдоминопластики, при корректной подготовке нет противопоказаний для применения ринопластики или блефаропластики.\r\nОбратившись к профессиональному специалисту, который проанализирует индивидуальные особенности пациента и его фототип, можно не бояться косметологических вмешательств в летний период.</p>'),
(18, 'Как улучшить зрение. Здоровье.', 'kak-uluchshit-zrenie-zdorove', '<p>Здоровье превыше всего – как говорят врачи. Чтобы быть умным, смелым и красивым, а также сделать себе карьеру достойную вас, нужно иметь хорошее здоровье. Потому что врядли вы сможете нормально работать, когда у вас болит печень или сердце. Здоровье влияет и на ум. Не сильно, особенно если контролировать свои действия. Зрение не менее важно – это также ваше здоровье. Глаза – это орган, без которого очень трудно прожить. Конечно, потом постепенно можно привыкнуть, но жизнь уже не покажется вам очень яркой и радостной. Поэтому стоит следить за своим зрением. Очень много современных молодых людей не понимают этого, и попусту тратят свое здоровье, портят его, как только захотят. И только возможно в старости, если доживут, они задумаются, что стоило послушать более умных людей. Глаза очень чувствительны, не только к свету, но еще к другому. Если вы с детства плохо следили за своим зрением, вам будет трудно улучшить его. Это не значит, что вы должны думать, что жизнь закончена, и что вы умрете. Нет, просто постарайтесь успокоиться и думать совершенно логически.</p>\r\n\r\n<p>К врачу, окулисту, нужно ходить примерно раз в полгода. Для того чтобы вы знали насколько ваше зрение улучшилось, или наоборот ухудшилось. Врач даст полезные советы, и пропишет в случае чего, вам рецепт, лекарство и, в конце концов, полное лечение.</p>\r\n\r\n<p>Очень сильно влияет на зрение компьютер, ноутбук, а также планшеты и телефоны. Современная техника легка и удобна, но, тем не менее, пользование ею постоянно, приводит к тому, что зрение у пользователя ухудшается. Человек становиться близоруким, или наоборот дальнозорким. Зрение резко падает. Врачи советуют настоятельно не сидеть целый день возле компьютера, а стараться без причины не пользоваться компьютером. Можно сидеть примерно два, или, в крайнем случае, три часа в день, но по полчаса с небольшими перерывами в пятнадцать – двадцать минут. Тогда ваши глаза смогут отдохнуть. Обязательно делайте зарядку для глаз. Когда вы сидите за компьютером, ваши веки очень редко моргают, но чаще всего вы этого не замечаете. А веки как раз должны часто моргать для того, чтобы ваши глаза каждый раз очищались, и не осушались. Поэтому врачи не советуют также подолгу сидеть возле телевизора. Разве только около сорока минут или чуть больше того. Не забывайте промывать прохладной водой утром глаза, чтобы они не были сонными.\r\nУдачи вам!</p>');

-- --------------------------------------------------------

--
-- Структура таблицы `staff`
--

CREATE TABLE IF NOT EXISTS `staff` (
  `id` int(11) NOT NULL AUTO_INCREMENT,
  `fio` varchar(255) COLLATE utf8_unicode_ci NOT NULL,
  `post` varchar(255) COLLATE utf8_unicode_ci NOT NULL,
  `image_src` varchar(255) COLLATE utf8_unicode_ci DEFAULT NULL,
  `image_alt_tag` varchar(255) COLLATE utf8_unicode_ci DEFAULT NULL,
  PRIMARY KEY (`id`)
) ENGINE=InnoDB  DEFAULT CHARSET=utf8 COLLATE=utf8_unicode_ci AUTO_INCREMENT=6 ;

--
-- Дамп данных таблицы `staff`
--

INSERT INTO `staff` (`id`, `fio`, `post`, `image_src`, `image_alt_tag`) VALUES
(1, 'Брусенко Валентина Григорьевна', 'врач-терапевт', 'bundles/main/images/doctor1.jpg', 'врач'),
(2, 'Тумаев Алексей Владимирович', 'врач-хирург', 'bundles/main/images/doctor2.jpg', 'врач'),
(3, 'Демкина Ольга Николаевна', 'врач акушер', 'bundles/main/images/doctor3.jpg', 'врач'),
(4, 'Евсеев Алексей Алексеевич', 'Главный doctor', 'bundles/main/images/doctor4.jpg', 'врач'),
(5, 'Головина Юлия Арсеньевна', 'Старшая медицинская сестра', 'bundles/main/images/doctor5.jpg', 'врач');

--
-- Ограничения внешнего ключа сохраненных таблиц
--

--
-- Ограничения внешнего ключа таблицы `document`
--
ALTER TABLE `document`
  ADD CONSTRAINT `FK_D8698A7612469DE2` FOREIGN KEY (`category_id`) REFERENCES `category_document` (`id`);

/*!40101 SET CHARACTER_SET_CLIENT=@OLD_CHARACTER_SET_CLIENT */;
/*!40101 SET CHARACTER_SET_RESULTS=@OLD_CHARACTER_SET_RESULTS */;
/*!40101 SET COLLATION_CONNECTION=@OLD_COLLATION_CONNECTION */;
